geo,name,1800,1801,1802,1803,1804,1805,1806,1807,1808,1809,1810,1811,1812,1813,1814,1815,1816,1817,1818,1819,1820,1821,1822,1823,1824,1825,1826,1827,1828,1829,1830,1831,1832,1833,1834,1835,1836,1837,1838,1839,1840,1841,1842,1843,1844,1845,1846,1847,1848,1849,1850,1851,1852,1853,1854,1855,1856,1857,1858,1859,1860,1861,1862,1863,1864,1865,1866,1867,1868,1869,1870,1871,1872,1873,1874,1875,1876,1877,1878,1879,1880,1881,1882,1883,1884,1885,1886,1887,1888,1889,1890,1891,1892,1893,1894,1895,1896,1897,1898,1899,1900,1901,1902,1903,1904,1905,1906,1907,1908,1909,1910,1911,1912,1913,1914,1915,1916,1917,1918,1919,1920,1921,1922,1923,1924,1925,1926,1927,1928,1929,1930,1931,1932,1933,1934,1935,1936,1937,1938,1939,1940,1941,1942,1943,1944,1945,1946,1947,1948,1949,1950,1951,1952,1953,1954,1955,1956,1957,1958,1959,1960,1961,1962,1963,1964,1965,1966,1967,1968,1969,1970,1971,1972,1973,1974,1975,1976,1977,1978,1979,1980,1981,1982,1983,1984,1985,1986,1987,1988,1989,1990,1991,1992,1993,1994,1995,1996,1997,1998,1999,2000,2001,2002,2003,2004,2005,2006,2007,2008,2009,2010,2011,2012,2013,2014,2015,2016,2017,2018,2019,2020,2021,2022,2023,2024,2025,2026,2027,2028,2029,2030,2031,2032,2033,2034,2035,2036,2037,2038,2039,2040,2041,2042,2043,2044,2045,2046,2047,2048,2049,2050,2051,2052,2053,2054,2055,2056,2057,2058,2059,2060,2061,2062,2063,2064,2065,2066,2067,2068,2069,2070,2071,2072,2073,2074,2075,2076,2077,2078,2079,2080,2081,2082,2083,2084,2085,2086,2087,2088,2089,2090,2091,2092,2093,2094,2095,2096,2097,2098,2099,2100
arg,Argentina,33.2,33.2,33.2,33.2,33.2,33.2,33.2,33.2,33.2,33.2,33.2,33.2,33.2,33.2,33.2,33.2,33.2,33.2,33.2,33.2,33.2,33.2,33.2,33.2,33.2,33.2,33.2,33.2,33.2,33.2,33.2,33.2,33.2,33.2,33.2,33.2,33.2,33.2,33.2,33.2,33.2,33.2,33.2,33.2,33.2,33.2,33.2,33.2,33.2,33.2,33.2,33.21,33.22,33.23,33.24,33.25,33.25,33.26,33.27,33.28,33.29,33.3,33.31,33.32,33.33,33.34,33.35,33.35,33.36,33.37,33.38,33.39,33.4,33.41,33.42,33.43,33.42,33.41,33.39,33.38,33.37,33.28,33.19,33.1,33.0,32.91,33.2,33.5,33.79,34.08,34.37,34.24,34.11,33.98,33.84,33.71,34.43,35.15,35.87,36.58,37.3,37.9,38.5,39.1,39.7,40.3,41.08,41.86,42.65,43.43,44.21,44.78,45.34,45.9,46.46,47.02,47.85,48.68,42.54,50.33,51.16,51.66,52.17,52.67,53.18,53.68,54.04,54.4,54.76,55.13,55.49,55.5,55.52,55.53,55.55,55.56,56.56,57.56,58.56,59.56,60.56,61.19,61.82,62.45,63.07,63.7,63.62,63.54,63.46,63.37,63.3,63.54,64.19,64.12,64.71,64.51,65.18,65.15,65.4,65.4,65.26,65.74,65.75,65.75,65.82,66.13,66.58,66.55,65.99,65.93,66.13,66.89,67.33,67.73,67.91,68.03,66.99,67.69,69.04,69.84,70.23,70.32,70.92,70.71,70.82,71.73,71.95,72.06,72.13,72.34,72.47,72.69,72.75,73.03,73.36,73.44,73.49,73.6,73.65,73.79,74.22,74.33,74.28,74.43,74.92,75.28,75.41,75.32,75.68,75.85,75.94,76.04,76.17,76.27,76.47,76.5,76.24,76.28,76.48,76.58,75.2,74.7,75.37,77.27,77.43,77.6,77.77,77.93,78.1,78.27,78.43,78.59,78.76,78.93,79.09,79.26,79.42,79.59,79.76,79.92,80.09,80.25,80.42,80.58,80.74,80.89,81.05,81.21,81.37,81.52,81.66,81.8,81.95,82.1,82.24,82.38,82.52,82.66,82.8,82.94,83.06,83.19,83.32,83.45,83.57,83.71,83.83,83.96,84.08,84.21,84.33,84.45,84.57,84.69,84.82,84.94,85.06,85.18,85.3,85.41,85.53,85.64,85.76,85.89,86.0,86.12,86.23,86.35,86.46,86.58,86.7,86.81,86.94,87.05,87.16,87.27,87.39,87.5,87.61,87.73,87.84
bra,Brazil,32.0,32.0,32.0,32.0,32.0,32.0,32.0,32.0,32.0,32.0,32.0,32.0,32.0,32.0,32.0,32.0,32.0,32.0,32.0,32.0,32.0,32.0,32.0,32.0,32.0,32.0,31.99,31.99,31.99,31.99,31.99,31.99,31.99,31.99,31.99,31.99,31.99,31.99,31.99,31.99,31.99,31.99,31.99,31.99,31.99,31.99,31.99,31.99,31.99,31.99,31.99,31.97,31.95,31.94,31.92,31.9,31.88,31.87,31.85,31.83,31.81,31.8,31.78,31.76,31.74,31.73,31.71,31.69,31.67,31.66,31.64,31.62,31.6,31.59,31.57,31.55,31.53,31.52,31.49,31.47,31.45,31.44,31.42,31.4,31.38,31.37,31.35,31.33,31.31,31.3,31.28,31.26,31.24,31.23,31.21,31.19,31.17,31.16,31.14,31.12,31.1,31.08,31.07,31.05,31.03,31.01,31.0,30.98,30.96,30.94,30.93,30.91,30.89,30.87,30.86,30.84,30.82,30.8,25.97,30.77,30.75,30.73,30.72,30.7,30.69,30.67,30.66,30.64,30.63,30.61,30.6,31.02,31.45,31.87,32.3,32.72,33.14,33.57,33.99,34.41,34.83,35.91,36.99,38.08,39.15,40.23,41.7,43.17,44.63,46.1,47.57,48.05,48.53,48.98,49.46,49.94,50.42,50.89,51.4,51.92,52.44,52.97,53.53,53.99,54.43,54.83,55.19,55.59,56.07,56.52,56.94,57.45,58.03,58.57,59.16,59.78,60.39,61.07,61.72,62.27,62.74,63.3,63.87,64.06,64.21,64.61,65.06,65.65,66.07,66.72,67.29,67.92,68.34,68.43,68.81,69.17,69.52,70.08,70.4,70.79,71.18,71.49,71.76,72.03,72.31,72.81,73.06,73.31,73.5,73.66,73.85,74.01,74.34,74.55,74.83,75.03,75.05,75.44,75.69,75.85,74.51,73.24,73.92,76.69,76.89,77.09,77.3,77.5,77.7,77.9,78.1,78.3,78.49,78.68,78.88,79.07,79.27,79.46,79.65,79.83,80.02,80.21,80.4,80.59,80.77,80.95,81.14,81.32,81.51,81.69,81.87,82.05,82.23,82.4,82.57,82.75,82.91,83.07,83.24,83.4,83.56,83.72,83.87,84.02,84.17,84.32,84.46,84.6,84.74,84.89,85.02,85.16,85.29,85.43,85.56,85.7,85.83,85.96,86.09,86.21,86.34,86.47,86.61,86.73,86.85,86.98,87.1,87.23,87.36,87.47,87.6,87.72,87.84,87.96,88.09,88.2,88.32,88.44,88.56,88.68,88.8
can,Canada,39.0,39.0,39.0,39.0,39.01,39.01,39.01,39.01,39.01,39.01,39.01,39.02,39.02,39.02,39.02,39.02,39.02,39.03,39.03,39.03,39.03,39.03,39.03,39.03,39.04,39.04,39.04,39.04,39.04,39.04,39.04,39.05,39.17,39.3,39.43,39.55,39.68,39.81,39.94,40.06,40.19,40.32,40.39,40.47,40.54,40.61,40.69,40.76,40.84,40.91,40.99,41.06,41.11,41.17,41.23,41.28,41.34,41.39,41.44,41.5,41.55,41.62,41.71,41.81,41.9,42.0,42.1,42.2,42.3,42.39,42.49,42.59,42.8,43.03,43.25,43.47,43.68,43.9,44.12,44.35,44.56,44.78,44.82,44.87,44.91,44.97,45.01,45.06,45.1,45.15,45.19,45.24,45.59,45.94,46.28,46.64,46.98,47.33,47.68,48.02,48.38,48.72,49.11,49.5,49.9,50.28,50.67,51.06,51.46,51.85,52.23,52.62,53.08,53.53,53.98,54.44,54.9,55.35,47.28,56.26,56.71,57.16,57.17,57.17,58.99,59.47,58.15,58.84,58.73,58.13,59.12,60.54,61.61,62.55,62.96,62.68,62.91,61.54,63.51,63.94,64.22,63.97,64.91,64.82,65.56,66.55,66.75,66.99,67.55,67.87,68.5,68.8,69.03,69.46,70.12,70.33,70.34,70.38,70.72,70.89,71.15,71.34,71.39,71.48,71.75,71.9,72.03,72.21,72.41,72.58,72.76,72.97,73.0,73.18,73.38,73.63,74.03,74.28,74.61,74.91,75.21,75.52,75.81,76.09,76.35,76.38,76.6,76.8,76.98,77.16,77.43,77.64,77.81,77.85,78.0,78.12,78.37,78.62,78.83,79.07,79.36,79.6,79.79,79.98,80.24,80.43,80.74,80.9,81.11,81.39,81.64,81.89,82.01,82.12,82.15,82.26,82.29,82.36,82.19,82.18,81.86,82.47,82.66,82.84,83.0,83.15,83.32,83.46,83.62,83.76,83.9,84.04,84.17,84.32,84.44,84.57,84.71,84.83,84.97,85.1,85.22,85.35,85.48,85.6,85.73,85.86,85.99,86.11,86.23,86.35,86.47,86.59,86.71,86.83,86.95,87.07,87.19,87.32,87.43,87.55,87.67,87.78,87.91,88.02,88.13,88.26,88.37,88.49,88.6,88.72,88.83,88.95,89.07,89.19,89.3,89.41,89.54,89.64,89.76,89.87,89.99,90.1,90.22,90.34,90.45,90.57,90.68,90.81,90.92,91.03,91.14,91.25,91.37,91.49,91.61,91.72,91.84,91.95,92.08,92.18,92.3
chl,Chile,32.0,32.0,32.0,32.0,32.0,32.0,32.0,32.0,32.0,32.0,32.0,32.0,32.0,32.0,32.0,32.0,32.0,32.0,32.0,32.0,32.0,32.0,32.0,32.0,32.0,32.0,32.0,32.0,32.0,32.0,32.0,32.0,32.0,32.0,32.0,32.0,32.0,32.0,32.0,32.0,32.0,32.0,32.0,32.0,32.0,32.0,32.0,32.0,32.0,32.0,32.0,31.98,31.95,31.93,31.91,31.88,31.86,31.84,31.81,31.79,31.76,31.74,31.72,31.69,31.67,31.65,31.62,31.6,31.58,31.55,31.53,31.51,31.48,31.46,31.43,31.41,31.39,31.36,31.34,31.32,31.29,31.27,31.25,31.22,31.2,31.18,31.15,31.13,31.1,31.08,31.06,31.03,31.01,30.99,30.96,30.94,30.92,30.89,30.87,30.85,30.82,30.8,30.77,30.46,30.15,29.84,29.53,29.22,29.47,29.71,29.96,30.2,30.44,30.48,30.51,30.54,30.58,30.61,26.85,30.34,30.2,30.06,29.92,30.92,31.92,32.92,33.91,34.9,35.2,35.49,35.78,36.07,36.36,36.41,36.46,36.5,36.55,36.6,37.48,38.37,39.25,40.13,41.0,41.69,42.37,43.05,43.73,44.42,46.37,48.31,50.26,50.94,53.55,55.31,54.61,54.83,56.07,55.52,55.77,56.07,54.2,57.45,56.75,57.14,57.63,58.7,59.23,60.17,61.0,61.49,61.99,62.56,62.28,63.18,64.94,66.15,66.17,67.2,68.15,68.6,69.44,70.53,71.04,70.93,71.29,71.95,72.61,73.2,73.19,73.16,73.43,74.15,74.74,74.95,75.23,75.28,75.49,75.96,76.2,76.45,76.93,76.99,77.37,77.44,77.56,77.89,78.2,78.38,78.72,78.63,78.61,78.96,79.17,79.31,79.49,79.63,79.97,79.98,80.07,80.16,79.21,78.78,79.35,80.99,81.19,81.39,81.59,81.79,81.98,82.17,82.36,82.55,82.74,82.93,83.1,83.28,83.44,83.61,83.78,83.94,84.09,84.24,84.39,84.54,84.69,84.83,84.98,85.12,85.26,85.39,85.53,85.67,85.8,85.93,86.06,86.21,86.33,86.46,86.59,86.73,86.85,86.98,87.11,87.24,87.37,87.49,87.61,87.74,87.86,87.98,88.12,88.24,88.36,88.48,88.6,88.73,88.85,88.96,89.08,89.2,89.32,89.44,89.56,89.69,89.8,89.93,90.04,90.16,90.28,90.39,90.51,90.63,90.74,90.86,90.98,91.09,91.21,91.32,91.44,91.56,91.67
cub,Cuba,32.2,32.33,32.45,32.58,32.7,32.86,33.02,33.18,33.34,33.5,33.64,33.78,33.92,34.06,34.2,34.3,34.4,34.5,34.6,34.7,35.04,35.38,35.72,36.06,36.4,36.24,36.08,35.92,35.76,35.6,35.74,35.88,36.02,36.16,36.3,36.36,36.42,36.48,36.54,36.6,36.48,36.36,36.24,36.12,36.0,36.04,36.08,36.12,36.16,36.2,36.26,36.37,36.48,36.59,36.7,36.78,36.85,36.92,36.99,37.06,36.75,36.43,36.12,35.8,35.48,34.47,33.45,32.43,31.41,30.39,30.49,30.59,30.7,30.8,30.9,32.17,33.43,34.7,35.97,37.25,38.38,39.52,40.66,41.8,42.95,43.57,44.2,44.82,45.45,46.08,41.75,37.41,33.05,28.69,24.31,23.49,22.67,21.85,21.02,20.19,35.42,35.69,35.97,36.24,36.51,36.79,37.06,37.33,37.61,37.9,38.17,38.45,38.74,39.02,39.31,39.59,39.88,40.17,26.08,40.74,41.04,41.4,41.75,42.11,42.46,42.82,43.48,44.14,44.8,45.47,46.14,46.88,47.63,48.37,49.12,49.86,50.58,51.29,52.0,52.72,53.44,54.28,55.14,55.99,56.84,57.7,59.43,61.16,62.89,64.63,66.38,66.49,66.69,66.78,66.89,67.12,66.89,67.08,67.39,68.27,69.27,68.71,68.79,68.94,70.07,69.81,69.98,70.12,70.11,69.91,70.78,71.72,72.79,72.73,72.66,73.15,73.22,72.73,73.29,73.4,73.57,73.82,74.28,74.56,74.48,74.15,74.77,74.89,74.78,75.26,75.01,75.18,75.15,75.07,75.13,75.39,75.83,76.18,76.34,76.59,77.01,77.17,77.87,77.8,77.8,77.68,78.37,78.46,78.44,78.46,78.46,79.07,78.84,78.81,78.74,78.42,78.52,78.25,78.29,78.67,78.62,74.68,79.22,79.4,79.57,79.75,79.93,80.11,80.29,80.46,80.64,80.8,80.98,81.15,81.32,81.5,81.67,81.84,82.0,82.17,82.34,82.51,82.68,82.85,83.02,83.18,83.34,83.5,83.66,83.82,83.98,84.13,84.28,84.43,84.58,84.73,84.87,85.01,85.15,85.28,85.42,85.56,85.69,85.83,85.96,86.09,86.22,86.35,86.48,86.6,86.72,86.85,86.97,87.1,87.22,87.35,87.46,87.58,87.71,87.82,87.95,88.07,88.2,88.32,88.43,88.55,88.67,88.79,88.9,89.02,89.14,89.26,89.37,89.48,89.6,89.72,89.83,89.96,90.07,90.18,90.3
usa,USA,39.41,39.41,39.41,39.41,39.41,39.41,39.41,39.41,39.41,39.41,39.41,39.41,39.41,39.41,39.41,39.41,39.41,39.41,39.41,39.41,39.41,39.41,39.41,39.41,39.41,39.41,39.41,39.41,39.41,39.41,39.41,39.41,39.41,39.41,39.41,39.41,39.41,39.41,39.41,39.41,39.41,39.41,39.41,39.41,39.41,39.41,39.41,39.41,39.41,39.41,39.41,39.41,39.41,39.41,39.41,39.41,39.42,39.42,39.42,39.42,39.42,38.01,34.51,34.01,31.01,38.01,39.43,39.43,39.43,39.43,39.43,39.43,39.43,39.43,39.43,39.43,39.43,39.44,39.44,39.44,39.44,40.02,40.6,41.18,41.76,42.35,42.93,43.51,44.09,44.67,45.25,45.63,46.0,46.38,46.75,47.12,47.49,47.86,48.24,48.62,48.99,49.36,50.56,50.66,49.66,50.37,50.17,50.27,51.97,52.88,51.88,53.48,54.18,53.58,54.68,55.19,54.29,54.09,47.28,55.39,55.49,58.3,58.2,57.6,58.6,58.61,58.01,59.51,58.41,58.61,59.72,60.42,61.12,61.08,60.41,61.07,60.53,61.23,62.56,63.26,63.42,63.98,64.77,64.48,65.28,65.78,66.48,66.89,67.46,67.84,68.29,68.38,68.57,68.95,69.71,69.86,69.88,69.7,69.87,70.02,70.06,70.35,70.27,70.15,70.3,70.37,70.36,70.52,70.33,70.61,70.93,71.28,71.4,71.66,72.21,72.73,73.1,73.39,73.63,73.92,73.96,74.27,74.61,74.77,74.88,74.91,75.01,75.12,75.2,75.42,75.72,75.86,76.03,75.92,75.98,76.08,76.41,76.75,76.9,76.92,77.03,77.07,77.18,77.35,77.67,77.73,77.97,78.22,78.4,78.63,78.89,78.93,79.03,79.08,79.08,78.99,78.86,78.98,78.95,78.93,77.22,77.0,78.0,79.53,79.69,79.83,79.98,80.15,80.29,80.45,80.59,80.75,80.9,81.04,81.2,81.35,81.5,81.65,81.8,81.95,82.1,82.25,82.39,82.53,82.68,82.81,82.96,83.09,83.24,83.38,83.5,83.63,83.77,83.91,84.03,84.15,84.28,84.41,84.53,84.65,84.78,84.9,85.01,85.14,85.26,85.38,85.5,85.61,85.74,85.86,85.97,86.09,86.21,86.32,86.44,86.55,86.67,86.79,86.91,87.01,87.13,87.25,87.37,87.48,87.59,87.71,87.83,87.94,88.05,88.17,88.27,88.39,88.5,88.62,88.74,88.85,88.96,89.09,89.19,89.3,89.41
mex,Mexico,26.9,26.9,26.9,26.9,26.9,26.9,26.9,26.9,26.9,26.9,26.9,26.9,26.9,26.9,26.9,26.9,26.9,26.9,26.9,26.9,26.9,26.9,26.9,26.9,26.9,26.9,26.9,26.9,26.9,26.9,26.9,26.9,26.9,26.9,26.9,26.9,26.9,26.9,26.9,26.9,26.9,26.9,26.9,26.9,26.9,26.9,26.9,26.9,26.9,26.9,26.9,26.9,26.9,26.9,26.9,26.9,26.9,26.9,26.9,26.9,26.9,26.9,26.9,26.91,26.91,26.91,26.91,26.91,26.91,26.91,26.91,26.91,26.91,26.91,26.91,26.91,26.91,26.91,26.91,26.91,26.91,26.91,26.91,26.91,26.91,26.91,26.91,26.92,26.92,26.92,26.92,25.72,24.51,23.31,26.64,29.54,28.82,26.26,27.05,25.0,27.6,26.67,28.39,28.7,29.11,26.82,27.9,27.99,28.75,29.24,27.44,27.87,28.31,28.74,29.17,29.6,30.04,30.47,18.21,31.33,31.77,32.21,32.64,33.54,32.84,32.14,34.24,40.35,34.54,35.44,36.24,37.75,38.45,37.35,38.25,40.45,38.35,36.85,39.45,45.56,39.25,42.67,39.89,42.9,43.31,44.33,44.95,46.46,48.48,45.99,48.76,48.9,50.16,51.0,52.82,53.59,54.51,54.92,55.8,56.28,57.15,58.17,59.14,58.94,59.54,59.87,60.4,60.83,61.0,61.23,61.44,62.49,62.75,63.0,63.69,64.21,64.62,65.06,65.9,65.93,66.19,66.57,67.15,67.76,68.36,68.62,69.23,69.65,69.92,70.33,70.85,71.29,71.55,71.82,72.18,72.35,72.69,72.93,73.2,73.69,74.21,74.57,74.62,74.68,75.05,75.01,75.34,75.57,75.24,75.05,75.25,75.55,75.72,75.52,75.61,75.73,75.47,75.5,75.48,75.63,71.48,71.56,76.27,76.48,76.68,76.88,77.08,77.28,77.48,77.68,77.86,78.06,78.26,78.45,78.64,78.83,79.02,79.21,79.39,79.58,79.76,79.95,80.14,80.32,80.5,80.68,80.86,81.04,81.23,81.4,81.59,81.77,81.95,82.12,82.3,82.47,82.64,82.82,82.98,83.16,83.33,83.49,83.66,83.82,83.98,84.14,84.29,84.45,84.6,84.75,84.9,85.05,85.2,85.34,85.47,85.62,85.75,85.89,86.03,86.16,86.29,86.42,86.55,86.68,86.81,86.94,87.07,87.2,87.32,87.44,87.57,87.69,87.81,87.93,88.06,88.18,88.3,88.42,88.54,88.67,88.78
deu,Germany,38.37,38.37,38.37,38.37,38.37,38.37,38.37,38.37,38.37,38.37,38.37,38.37,38.37,38.37,38.37,38.37,38.37,38.37,38.37,38.37,38.37,38.37,38.37,38.37,38.37,38.37,38.37,38.37,38.37,38.37,38.37,38.37,38.37,38.37,38.37,38.37,38.37,38.37,38.37,38.37,38.37,38.37,38.37,38.37,38.37,38.37,38.37,38.37,38.37,38.37,38.37,38.37,38.37,38.36,38.36,38.36,38.36,38.35,38.35,38.35,38.35,38.34,38.34,38.34,38.34,38.34,38.33,38.33,38.33,38.33,38.32,38.32,38.32,38.32,38.32,38.31,38.42,38.52,38.63,38.73,38.84,38.94,39.05,39.15,39.25,39.36,39.65,39.94,40.23,40.53,40.81,41.1,41.4,41.68,41.98,42.27,42.57,42.87,43.18,43.48,43.79,44.09,44.39,44.7,45.0,45.3,45.89,46.47,47.07,47.65,48.24,48.82,49.41,49.99,46.0,40.37,38.84,39.92,32.81,48.12,53.28,54.78,55.38,55.98,56.57,57.16,57.57,57.97,58.37,58.77,59.18,59.58,59.99,60.38,60.79,61.19,61.47,61.75,62.03,60.68,60.34,58.68,54.7,49.43,36.79,28.84,60.16,61.75,63.34,64.94,66.51,66.91,67.33,67.72,68.1,68.53,68.89,68.9,69.31,69.35,69.41,69.76,70.01,70.18,70.53,70.68,70.76,70.81,70.54,70.38,70.61,70.81,71.02,71.29,71.56,71.67,72.1,72.55,72.7,72.99,73.26,73.52,73.81,74.14,74.58,74.83,75.06,75.32,75.46,75.65,75.66,75.85,76.17,76.34,76.61,76.87,77.14,77.48,77.81,78.1,78.39,78.67,78.77,78.91,79.35,79.64,79.89,80.04,80.15,80.29,80.5,80.67,80.79,80.79,81.01,80.88,80.95,81.09,81.15,81.2,80.79,80.27,80.63,81.82,81.98,82.13,82.29,82.43,82.59,82.74,82.88,83.02,83.15,83.3,83.44,83.57,83.7,83.84,83.95,84.09,84.21,84.34,84.45,84.59,84.7,84.83,84.95,85.07,85.18,85.31,85.42,85.54,85.65,85.77,85.89,86.0,86.12,86.24,86.36,86.48,86.59,86.71,86.82,86.93,87.06,87.18,87.27,87.39,87.52,87.64,87.76,87.87,87.97,88.1,88.21,88.32,88.43,88.54,88.66,88.79,88.9,89.01,89.12,89.23,89.35,89.46,89.58,89.69,89.8,89.92,90.03,90.14,90.27,90.38,90.51,90.61,90.73,90.84,90.96,91.08,91.19
gbr,UK,38.65,37.35,38.62,37.32,41.44,42.32,43.22,40.05,40.35,41.74,38.35,39.89,41.83,43.04,40.24,41.13,39.94,41.04,39.85,40.52,41.31,41.78,41.35,40.05,39.19,39.94,39.83,41.14,42.03,41.56,43.02,40.84,40.16,41.35,40.78,41.1,41.43,40.2,40.3,40.88,39.93,41.7,41.35,41.86,41.55,42.56,39.96,38.33,39.5,37.38,42.8,41.42,40.93,40.56,39.34,41.04,43.26,41.89,40.05,40.85,43.02,42.39,42.54,40.42,39.99,40.67,40.43,42.64,42.02,41.7,40.98,41.34,42.93,43.81,42.16,41.88,43.73,44.74,43.05,44.31,43.82,46.16,44.92,45.14,44.84,45.81,45.38,45.7,46.87,46.4,44.81,44.35,45.57,44.93,48.41,45.79,47.48,47.3,47.05,46.2,46.39,47.99,49.16,50.51,49.19,50.95,50.67,51.53,51.93,52.62,54.09,51.64,54.66,53.94,52.1,48.3,47.83,45.67,40.52,54.24,56.73,58.48,57.26,59.54,58.31,58.65,59.8,59.18,60.14,57.85,61.04,60.26,60.79,60.83,61.56,62.22,62.02,62.05,63.48,63.87,61.14,61.55,64.17,64.19,65.02,66.03,66.65,66.61,68.68,68.37,68.88,68.76,69.49,70.03,70.34,70.46,70.64,70.77,70.95,71.06,71.17,71.08,71.05,71.1,71.5,71.65,71.7,72.01,71.93,71.88,72.08,72.24,72.16,72.33,72.53,72.78,72.93,73.24,73.3,73.42,73.79,74.08,74.24,74.51,74.76,74.81,75.0,75.25,75.39,75.6,75.85,76.08,76.34,76.43,76.73,76.84,77.05,77.3,77.45,77.6,77.97,78.29,78.45,78.64,79.04,79.33,79.55,79.78,79.97,80.32,80.58,80.81,80.92,80.96,81.09,81.05,81.09,81.16,81.05,81.07,79.79,80.09,81.5,81.65,81.79,81.93,82.07,82.22,82.36,82.51,82.65,82.81,82.95,83.08,83.22,83.35,83.49,83.63,83.76,83.89,84.02,84.14,84.28,84.39,84.52,84.64,84.76,84.88,85.01,85.12,85.25,85.38,85.48,85.6,85.73,85.84,85.95,86.08,86.18,86.29,86.42,86.52,86.64,86.75,86.87,86.99,87.1,87.21,87.34,87.44,87.55,87.68,87.78,87.89,88.0,88.12,88.23,88.34,88.46,88.57,88.68,88.8,88.91,89.02,89.13,89.24,89.35,89.47,89.58,89.7,89.81,89.92,90.04,90.14,90.26,90.37,90.49,90.6,90.72,90.83,90.94
swe,Sweden,32.16,36.9,40.2,40.28,39.7,41.05,36.17,38.76,30.15,26.9,31.99,34.58,35.07,36.49,38.57,40.42,41.74,40.29,40.02,36.97,40.23,38.14,42.76,45.19,44.97,45.24,43.08,42.64,37.74,36.18,40.97,38.98,40.84,42.5,38.53,47.14,45.13,39.57,39.98,39.88,43.98,45.17,42.8,42.82,44.03,45.99,42.04,40.12,45.13,44.5,44.69,43.62,41.35,39.99,44.56,43.09,42.15,34.65,42.01,44.28,48.49,47.14,42.57,45.4,44.79,45.42,44.75,46.21,43.26,40.99,45.04,49.01,50.12,48.72,44.31,44.65,44.86,46.09,46.77,48.97,47.67,48.55,48.64,49.1,49.22,49.0,50.66,51.52,52.41,52.37,50.55,51.16,50.68,51.43,52.17,54.24,53.57,54.22,54.77,51.03,52.35,53.01,54.85,55.18,55.5,54.65,56.8,57.08,56.53,58.53,57.91,58.14,57.91,58.8,58.38,57.32,58.34,59.03,49.92,56.7,58.94,61.17,61.19,63.15,62.15,62.71,62.94,61.74,62.43,62.48,63.35,62.85,64.12,65.0,65.16,65.04,64.79,64.81,65.76,66.59,66.93,67.23,69.17,68.93,67.94,68.54,69.72,69.68,70.94,71.02,71.36,71.6,71.99,72.18,72.54,72.76,72.87,72.88,73.28,73.45,73.41,73.64,73.71,73.87,74.02,74.19,74.34,74.36,74.37,74.53,74.83,74.89,74.96,75.11,75.19,75.26,75.38,75.58,75.75,75.82,76.07,76.36,76.62,76.89,77.08,77.09,77.28,77.35,77.44,77.8,77.95,78.07,78.35,78.54,78.84,79.12,79.31,79.52,79.64,79.79,80.0,80.15,80.31,80.52,80.67,80.98,81.13,81.31,81.52,81.67,81.86,81.99,82.11,82.26,82.46,82.55,82.62,82.68,82.73,82.83,82.21,82.76,83.28,83.43,83.59,83.72,83.87,84.0,84.14,84.27,84.4,84.53,84.66,84.78,84.9,85.02,85.15,85.28,85.39,85.51,85.64,85.76,85.87,85.99,86.12,86.24,86.35,86.46,86.58,86.7,86.81,86.93,87.05,87.16,87.29,87.41,87.52,87.64,87.75,87.87,87.99,88.11,88.22,88.34,88.45,88.56,88.68,88.79,88.9,89.01,89.13,89.25,89.36,89.47,89.6,89.72,89.83,89.94,90.05,90.17,90.27,90.39,90.5,90.62,90.74,90.86,90.97,91.08,91.2,91.31,91.42,91.53,91.65,91.77,91.87,91.98,92.1,92.21,92.32,92.45,92.55
rus,Russia,29.57,29.57,29.57,29.57,29.57,29.57,29.57,29.57,29.57,29.57,29.57,29.57,29.57,29.57,29.57,29.57,29.57,29.57,29.57,29.57,29.57,29.57,29.57,29.57,29.57,29.57,29.57,29.57,29.57,29.57,29.57,29.57,29.57,29.57,29.57,29.57,29.57,29.57,29.57,29.57,29.57,29.57,29.57,29.57,29.57,29.57,29.57,29.57,18.0,29.57,29.57,29.62,29.67,29.65,27.68,27.73,29.29,29.91,29.96,30.01,30.06,30.1,30.15,30.2,30.25,30.3,30.35,30.39,28.67,28.8,32.14,29.07,26.86,30.59,31.67,32.4,32.25,32.7,29.05,32.31,31.69,33.8,28.11,30.62,34.58,32.61,36.28,35.26,35.21,33.02,31.89,28.17,22.73,29.55,30.13,28.94,30.4,32.82,30.13,34.13,33.27,31.48,32.39,34.54,35.01,33.22,34.91,36.8,36.85,35.49,34.49,38.6,39.12,36.79,36.47,34.86,34.91,32.19,25.57,27.83,22.86,26.57,27.62,37.63,40.48,39.53,43.19,42.24,43.88,42.25,41.29,39.65,37.21,19.71,43.47,45.12,46.9,45.6,47.38,49.97,47.29,26.43,20.71,18.43,31.15,39.28,53.34,46.81,60.56,63.9,66.67,66.75,66.9,67.17,67.36,67.66,67.89,68.05,68.22,68.13,69.05,69.26,69.1,69.39,70.15,69.97,69.92,69.7,69.47,69.07,69.15,69.3,69.26,69.21,69.15,68.6,68.27,68.09,68.09,67.83,67.71,67.96,68.49,68.3,67.81,68.54,70.22,70.2,70.11,69.8,69.52,69.28,68.12,65.5,64.16,64.84,66.07,67.18,67.47,66.22,65.63,65.55,65.37,65.17,65.54,65.05,66.47,67.46,67.72,68.67,68.82,69.99,70.45,70.93,70.98,71.53,72.02,72.94,72.98,72.97,70.41,68.52,69.2,73.6,73.75,73.89,74.04,74.2,74.34,74.5,74.65,74.8,74.95,75.11,75.25,75.4,75.56,75.71,75.86,76.02,76.17,76.32,76.48,76.63,76.78,76.94,77.09,77.26,77.41,77.57,77.72,77.88,78.03,78.19,78.34,78.5,78.66,78.81,78.97,79.12,79.27,79.42,79.56,79.72,79.87,80.01,80.15,80.3,80.44,80.57,80.71,80.84,80.98,81.12,81.25,81.38,81.51,81.64,81.76,81.89,82.02,82.13,82.26,82.38,82.49,82.62,82.73,82.85,82.97,83.09,83.2,83.31,83.44,83.55,83.67,83.78,83.89,84.01,84.12,84.24,84.36
chn,China,32.0,32.0,32.0,32.0,32.0,32.0,32.0,32.0,32.0,32.0,32.0,32.0,32.0,32.0,32.0,32.0,32.0,32.0,32.0,32.0,32.0,32.0,32.0,32.0,32.0,32.0,32.0,32.0,32.0,32.0,32.0,32.0,32.0,32.0,32.0,32.0,32.0,32.0,32.0,32.0,32.0,32.0,32.0,32.0,32.0,32.0,32.0,32.0,32.0,32.0,32.0,31.08,30.15,29.21,28.27,27.33,26.38,27.16,27.96,28.75,29.55,30.35,31.16,31.97,32.78,32.89,33.02,33.14,33.26,33.38,33.51,33.63,33.71,33.79,33.86,33.94,31.36,29.3,26.91,30.5,34.33,34.41,34.48,34.56,34.64,34.72,34.79,34.87,34.95,35.03,35.1,35.18,35.26,35.34,35.42,35.49,35.57,35.65,35.73,35.8,35.88,35.96,36.04,36.11,36.19,36.27,36.35,36.42,36.5,36.58,36.66,36.73,36.81,36.89,36.97,37.05,37.12,37.2,26.11,37.36,37.43,37.51,37.59,37.67,37.74,37.82,38.33,30.44,39.34,35.57,40.36,40.92,41.48,42.05,42.61,43.18,43.75,41.18,41.09,41.47,41.86,41.44,39.01,35.35,42.71,45.19,47.06,48.45,49.09,49.74,50.99,51.68,52.37,52.98,53.36,53.92,54.43,54.94,48.94,41.01,27.79,40.83,53.45,57.41,57.91,58.47,59.01,59.48,59.91,60.37,60.88,61.44,61.91,62.35,62.54,62.81,62.6,63.47,63.83,64.03,64.41,64.73,65.27,65.7,66.14,66.59,67.09,67.27,67.53,67.68,68.09,68.36,68.7,69.04,69.39,69.75,70.11,70.55,70.9,71.16,71.33,71.69,72.02,72.33,72.54,72.98,73.67,74.19,74.31,74.7,74.92,75.29,75.73,76.11,76.44,76.77,76.98,77.23,77.44,77.59,77.7,77.83,78.21,78.41,78.61,78.81,79.01,79.21,79.41,79.6,79.8,79.99,80.18,80.38,80.56,80.75,80.94,81.13,81.31,81.49,81.67,81.85,82.03,82.2,82.38,82.55,82.72,82.88,83.04,83.19,83.35,83.51,83.66,83.8,83.94,84.09,84.23,84.37,84.51,84.65,84.79,84.92,85.05,85.19,85.32,85.44,85.57,85.7,85.82,85.96,86.08,86.21,86.34,86.46,86.59,86.71,86.84,86.97,87.09,87.21,87.33,87.45,87.57,87.7,87.82,87.94,88.05,88.17,88.29,88.41,88.53,88.66,88.77,88.89,89.01,89.13,89.25,89.37,89.49,89.62,89.74
ind,India,25.44,25.44,25.0,24.0,23.5,25.44,25.44,25.44,25.44,25.44,25.44,25.44,23.0,25.44,25.44,25.44,25.44,25.44,25.44,25.44,25.44,25.44,25.44,25.44,25.44,25.44,25.44,25.44,25.44,25.44,25.44,25.44,23.0,22.0,25.44,25.44,25.44,24.3,23.9,25.44,25.44,25.44,25.44,25.44,25.44,25.44,25.44,25.44,25.44,25.44,25.44,25.5,25.57,25.63,25.69,25.76,25.82,25.88,25.95,26.01,23.57,22.6,26.2,26.26,26.13,26.19,21.88,26.32,26.38,22.31,26.71,26.77,26.83,26.9,26.96,26.67,21.29,20.28,21.39,27.28,27.34,27.4,27.34,27.28,27.21,27.15,27.08,27.02,26.73,26.66,26.81,25.38,25.02,26.69,26.66,26.63,25.35,22.17,28.83,26.2,20.63,25.98,26.65,26.51,24.96,24.9,24.94,21.97,26.61,26.62,26.64,26.66,26.94,27.22,27.5,27.79,28.07,28.35,9.48,28.8,29.03,29.25,29.83,30.43,31.03,31.61,32.21,32.81,33.41,34.01,34.62,35.22,35.69,36.16,36.63,37.11,37.57,38.05,38.53,39.02,39.49,39.96,40.35,39.51,40.19,41.5,41.88,40.15,42.34,43.03,43.42,44.03,44.48,44.8,45.41,45.84,46.03,45.92,45.82,46.08,45.75,45.95,46.39,46.68,47.09,45.71,46.04,46.37,48.29,48.73,49.33,49.68,50.13,50.88,51.51,51.59,52.15,52.75,53.59,54.69,55.17,55.53,56.28,56.65,56.87,57.3,57.82,58.31,58.6,59.1,59.58,59.77,60.0,60.59,61.21,61.74,62.05,61.89,62.11,62.56,62.94,63.27,63.79,64.47,65.2,65.39,65.59,65.84,66.08,66.81,67.28,67.56,68.01,68.36,69.0,69.36,69.96,70.34,70.46,70.77,70.01,67.1,67.61,71.88,72.14,72.4,72.64,72.89,73.13,73.36,73.59,73.83,74.05,74.27,74.49,74.7,74.91,75.13,75.34,75.54,75.74,75.95,76.15,76.35,76.54,76.75,76.94,77.13,77.33,77.52,77.71,77.89,78.08,78.27,78.46,78.64,78.82,79.01,79.19,79.37,79.55,79.73,79.91,80.08,80.26,80.44,80.62,80.79,80.97,81.14,81.3,81.48,81.65,81.82,81.98,82.16,82.32,82.49,82.65,82.81,82.96,83.12,83.28,83.43,83.58,83.73,83.88,84.02,84.17,84.31,84.45,84.59,84.72,84.87,85.0,85.14,85.28,85.4,85.53,85.66,85.79
jpn,Japan,36.4,36.4,36.4,36.4,36.4,36.4,36.4,36.4,36.4,36.4,36.4,36.4,36.4,36.41,36.41,36.41,36.41,36.41,36.41,36.41,36.41,36.41,36.41,36.41,36.41,36.41,36.41,36.41,36.41,36.41,36.41,36.41,36.41,36.41,36.41,36.41,36.41,36.41,36.42,36.42,36.42,36.42,36.42,36.42,36.42,36.42,36.42,36.42,36.42,36.42,36.42,36.42,36.43,36.43,36.43,36.43,36.44,36.44,36.44,36.45,36.45,36.45,36.45,36.47,36.47,36.47,36.51,36.54,36.58,36.61,36.65,36.69,36.74,36.79,36.83,36.87,36.92,36.97,37.02,37.07,37.13,37.18,37.24,37.31,37.37,37.43,37.51,37.58,37.65,37.72,37.8,37.88,37.96,38.06,38.14,38.23,38.34,38.44,38.54,38.65,38.75,38.87,39.01,39.13,39.26,39.39,39.54,39.7,39.85,40.0,40.16,40.35,40.54,40.73,40.91,41.11,41.34,41.58,32.87,42.05,42.27,42.56,42.86,43.47,44.08,44.7,45.32,45.93,46.26,46.6,46.92,47.25,47.57,47.91,48.23,48.56,48.95,49.33,49.34,49.34,49.34,49.1,48.85,46.33,40.29,30.77,46.85,52.13,57.32,58.2,59.75,61.46,63.4,63.95,64.95,66.12,66.06,66.18,67.4,67.8,68.31,68.79,69.29,70.13,70.65,70.86,71.48,71.9,72.18,72.38,72.65,73.31,73.72,73.92,74.3,74.77,75.23,75.75,76.13,76.36,76.57,76.94,77.34,77.5,77.82,78.16,78.53,78.89,79.0,79.25,79.41,79.59,79.72,79.89,80.19,80.24,80.71,80.99,81.03,81.15,81.57,81.9,82.18,82.3,82.46,82.5,82.75,82.93,83.09,83.27,83.34,83.21,83.63,83.86,84.1,84.35,84.5,84.74,84.78,84.8,85.07,85.16,85.2,85.32,85.46,85.58,85.72,85.84,85.97,86.1,86.23,86.36,86.49,86.62,86.74,86.86,86.99,87.11,87.24,87.36,87.5,87.62,87.74,87.86,87.99,88.11,88.23,88.35,88.47,88.6,88.72,88.84,88.96,89.08,89.21,89.32,89.44,89.55,89.67,89.79,89.91,90.02,90.14,90.27,90.38,90.51,90.62,90.73,90.85,90.96,91.08,91.2,91.32,91.45,91.56,91.68,91.79,91.9,92.03,92.14,92.26,92.38,92.49,92.61,92.73,92.84,92.96,93.09,93.2,93.31,93.43,93.55,93.67,93.78,93.9,94.01,94.13,94.24,94.36,94.47,94.59
kor,South Korea,25.8,25.8,25.8,25.8,25.8,25.8,25.8,25.8,25.8,25.8,25.8,25.8,25.8,25.8,25.8,25.8,25.8,25.8,25.8,25.8,25.8,25.8,25.8,25.8,25.8,25.8,25.8,25.8,25.8,25.8,25.8,25.8,25.8,25.8,25.8,25.8,25.8,25.8,25.8,25.8,25.8,25.8,25.8,25.8,25.8,25.8,25.8,25.8,25.8,25.8,25.8,25.78,25.76,25.74,25.72,25.7,25.67,25.65,25.63,25.61,25.59,25.57,25.55,25.53,25.51,25.49,25.47,25.44,25.42,25.4,25.38,25.36,25.34,25.32,25.3,25.28,25.26,25.24,25.21,25.19,25.17,25.15,25.13,25.11,25.09,25.07,25.05,25.03,25.01,24.98,24.96,24.94,24.92,24.9,24.88,24.86,24.84,24.82,24.8,24.77,24.75,24.73,24.71,24.69,24.23,23.77,23.31,22.86,22.4,22.66,22.93,23.18,23.45,23.7,24.16,24.61,25.06,25.51,16.09,25.95,26.41,26.87,27.33,27.78,28.53,29.27,30.01,30.74,31.48,32.16,32.84,33.51,34.19,34.87,35.8,36.74,37.68,38.6,39.53,40.04,40.54,41.04,41.54,39.76,38.81,39.24,41.51,43.31,43.82,44.19,39.53,43.64,51.82,54.23,54.85,55.9,56.6,57.36,57.99,58.55,59.11,59.53,60.03,60.47,60.91,61.36,61.78,62.23,62.61,63.12,63.57,64.09,64.43,64.95,65.33,65.73,66.12,66.46,67.07,67.64,67.33,68.49,68.6,68.5,69.45,69.87,70.33,70.61,71.33,71.7,72.13,72.54,73.12,73.57,73.86,74.34,74.84,75.27,75.58,75.96,76.34,76.87,77.29,77.71,78.25,78.78,79.31,79.75,80.17,80.53,80.82,81.16,81.5,81.93,82.31,82.61,82.84,82.88,82.94,82.92,82.87,82.96,83.28,83.4,83.51,83.63,83.75,83.86,83.98,84.1,84.22,84.34,84.46,84.58,84.7,84.81,84.94,85.06,85.18,85.3,85.42,85.54,85.66,85.78,85.9,86.02,86.13,86.25,86.36,86.48,86.6,86.72,86.84,86.95,87.07,87.19,87.3,87.42,87.54,87.65,87.76,87.88,87.99,88.11,88.22,88.34,88.45,88.57,88.69,88.8,88.91,89.03,89.14,89.25,89.36,89.47,89.59,89.7,89.82,89.93,90.05,90.16,90.28,90.39,90.51,90.62,90.74,90.85,90.97,91.08,91.21,91.32,91.43,91.55,91.67,91.79,91.91,92.02,92.13,92.24,92.35
zaf,South Africa,33.5,33.5,33.5,33.5,33.5,33.5,33.5,33.5,33.5,33.5,33.5,33.5,33.5,33.5,33.5,33.5,33.5,33.5,33.5,33.5,33.5,33.5,33.5,33.5,33.5,33.5,33.5,33.5,33.5,33.5,33.5,33.5,33.5,33.5,33.5,33.5,33.5,33.5,33.5,33.5,33.5,33.5,33.5,33.5,33.5,33.5,33.5,33.5,33.5,33.5,33.5,33.57,33.63,33.7,33.76,33.83,33.89,33.96,34.03,34.09,34.16,34.22,34.29,34.35,34.42,34.48,34.55,34.62,34.68,34.75,34.81,34.88,34.94,35.01,35.08,35.14,35.21,35.27,35.34,35.4,35.47,35.54,35.6,35.67,35.73,35.8,35.86,35.93,35.99,36.06,36.13,36.19,36.26,36.32,36.39,36.45,36.52,36.59,36.65,36.72,36.78,36.85,36.91,36.98,37.05,37.11,37.18,37.24,37.31,37.37,37.44,37.5,37.57,37.64,37.7,37.77,37.83,37.9,12.55,38.03,38.1,38.16,38.23,38.29,38.36,38.42,38.49,38.55,38.62,38.69,38.75,39.4,40.04,40.7,41.36,42.01,42.66,43.33,43.99,44.65,45.31,45.99,46.66,47.31,47.98,48.67,49.34,50.02,50.69,51.37,52.06,52.28,52.43,52.74,52.87,53.04,53.28,53.48,53.64,53.79,53.93,54.18,54.39,54.63,54.93,55.19,55.46,55.77,56.07,56.38,56.69,57.0,57.31,57.63,57.98,58.3,58.59,58.82,59.07,59.31,59.52,59.8,60.2,60.54,61.28,61.92,62.12,62.8,63.52,63.77,64.18,64.3,63.59,64.27,63.42,62.93,61.78,59.48,58.02,57.16,55.58,54.75,53.67,52.71,52.22,52.1,52.28,53.18,54.25,55.66,57.07,58.67,60.13,61.29,61.82,62.26,62.7,63.2,64.42,65.14,64.24,61.37,60.52,61.91,65.83,65.95,66.07,66.2,66.32,66.45,66.57,66.69,66.81,66.92,67.04,67.16,67.28,67.39,67.51,67.63,67.74,67.86,67.99,68.1,68.22,68.32,68.44,68.56,68.68,68.8,68.91,69.02,69.13,69.26,69.37,69.48,69.6,69.71,69.83,69.97,70.08,70.2,70.33,70.44,70.57,70.7,70.83,70.95,71.07,71.19,71.32,71.44,71.57,71.69,71.83,71.95,72.07,72.19,72.33,72.45,72.58,72.7,72.83,72.96,73.09,73.22,73.36,73.49,73.62,73.75,73.89,74.02,74.15,74.29,74.42,74.55,74.69,74.82,74.96,75.09,75.24
nga,Nigeria,30.4,30.4,30.4,30.4,30.4,30.4,30.4,30.4,30.4,30.4,30.4,30.4,30.4,30.4,30.4,30.4,30.4,30.4,30.4,30.4,30.4,30.4,30.4,30.4,30.4,30.4,30.4,30.4,30.4,30.4,30.4,30.4,30.4,30.4,30.4,30.4,30.4,30.4,30.4,30.4,30.4,30.4,30.4,30.4,30.4,30.4,30.4,30.4,30.4,30.4,30.4,30.49,30.57,30.66,30.74,30.83,30.91,31.0,31.08,31.17,31.25,31.34,31.43,31.51,31.6,31.68,31.77,31.85,31.94,32.02,32.11,32.2,32.28,32.37,32.45,32.54,32.62,32.71,32.79,32.88,32.96,33.05,33.14,33.22,33.31,33.39,33.48,33.56,33.65,33.73,33.82,33.91,33.99,34.08,34.16,34.25,34.33,34.42,34.5,34.59,34.67,34.76,34.85,34.93,35.02,35.1,35.19,35.27,35.36,35.44,35.53,35.62,35.7,35.79,35.87,35.96,36.04,36.13,17.11,36.3,36.38,36.47,36.56,36.64,36.73,36.81,36.9,36.98,37.07,37.15,37.24,37.33,37.41,37.5,37.58,37.67,37.75,37.84,37.92,38.01,38.09,38.38,38.67,38.96,39.25,39.54,40.58,41.61,42.66,43.7,44.75,44.91,45.21,45.41,45.65,45.86,46.01,46.15,46.31,46.56,46.81,47.06,47.31,47.71,47.94,48.15,48.38,47.94,47.51,47.71,49.05,49.61,50.22,50.85,51.5,52.01,52.43,52.91,53.31,53.74,54.06,54.26,54.51,54.68,54.79,54.91,54.76,54.63,54.59,54.62,54.69,54.52,54.7,54.71,54.68,54.63,54.37,54.64,54.61,54.58,54.63,54.82,55.09,55.5,55.98,56.63,57.24,57.9,58.49,59.05,59.64,60.18,60.7,61.17,61.58,62.11,62.7,63.26,63.77,64.34,64.31,64.05,65.21,65.5,65.79,66.07,66.35,66.62,66.89,67.17,67.45,67.72,67.98,68.25,68.52,68.78,69.05,69.3,69.56,69.81,70.07,70.33,70.59,70.84,71.06,71.31,71.55,71.79,72.04,72.26,72.5,72.71,72.94,73.16,73.38,73.61,73.83,74.04,74.27,74.47,74.69,74.9,75.11,75.32,75.52,75.73,75.93,76.11,76.32,76.51,76.7,76.9,77.08,77.28,77.46,77.64,77.83,78.0,78.2,78.37,78.55,78.73,78.91,79.09,79.26,79.44,79.6,79.76,79.93,80.11,80.26,80.44,80.57,80.74,80.91,81.07,81.22,81.38,81.54,81.69,81.85
egy,Egypt,33.0,33.0,33.0,33.0,33.0,33.0,33.0,33.0,33.0,33.0,33.0,33.0,33.0,33.0,33.0,33.0,33.0,33.0,33.0,33.0,33.0,33.0,33.0,33.0,33.0,33.0,33.0,33.0,33.0,33.0,33.0,33.0,33.0,33.0,33.0,33.0,33.0,33.0,33.0,33.0,33.0,33.0,33.0,33.0,33.0,33.0,33.0,33.0,33.0,33.0,33.0,33.02,33.05,33.07,33.09,33.11,33.14,33.16,33.18,33.2,33.23,33.25,33.27,33.3,33.32,33.34,33.36,33.39,33.41,33.43,33.46,33.48,33.5,33.52,33.55,33.57,33.59,33.61,33.64,33.66,33.68,33.71,33.73,33.75,33.77,33.8,33.82,33.84,33.87,33.89,33.91,33.93,33.96,33.98,34.0,34.02,34.05,34.07,34.09,34.12,34.14,34.16,34.18,34.21,34.23,34.25,34.28,34.3,34.32,34.34,34.37,34.39,34.41,34.43,34.46,34.48,34.5,34.53,26.44,34.57,34.59,34.62,34.64,34.66,34.69,34.71,34.73,34.75,32.35,32.27,37.35,34.32,32.75,34.15,33.33,35.15,33.16,36.57,36.91,38.21,36.54,37.95,32.46,31.76,35.62,34.48,36.75,38.6,38.76,39.33,41.25,41.53,43.7,43.7,44.11,43.8,44.63,44.68,44.87,46.43,46.87,47.71,47.71,48.97,49.67,50.67,50.39,50.86,50.85,50.82,51.25,52.54,52.63,52.58,53.85,54.43,55.01,55.78,56.66,57.84,58.48,58.6,59.09,59.76,60.51,60.12,60.65,61.4,62.69,63.15,63.92,64.54,65.21,65.44,65.74,66.38,66.92,67.18,67.55,67.87,68.54,68.35,68.29,68.22,68.48,68.78,68.9,69.22,69.29,69.27,69.44,69.62,69.68,70.08,70.26,69.92,70.21,70.52,70.74,70.97,70.6,69.84,69.78,70.42,71.81,71.97,72.13,72.29,72.45,72.61,72.77,72.93,73.09,73.24,73.4,73.55,73.7,73.85,74.01,74.16,74.31,74.46,74.61,74.77,74.92,75.07,75.23,75.38,75.53,75.68,75.83,75.98,76.13,76.29,76.45,76.6,76.76,76.91,77.06,77.21,77.36,77.51,77.66,77.82,77.98,78.14,78.29,78.44,78.6,78.76,78.91,79.07,79.22,79.38,79.53,79.69,79.84,80.0,80.14,80.3,80.46,80.62,80.77,80.92,81.08,81.24,81.39,81.53,81.68,81.83,81.98,82.12,82.26,82.41,82.55,82.69,82.82,82.96,83.09,83.23,83.36
aus,Australia,34.05,34.05,34.05,34.05,34.05,34.05,34.05,34.05,34.05,34.05,34.05,34.05,34.05,34.05,34.05,34.05,34.05,34.05,34.05,34.05,34.05,34.05,34.05,34.05,34.05,34.05,34.05,34.05,34.05,34.05,34.05,34.05,34.05,34.05,34.05,34.05,34.05,34.05,34.05,34.05,34.05,34.05,34.05,34.05,34.05,34.05,34.05,34.05,34.05,34.05,34.05,34.05,34.05,34.06,34.06,34.06,34.06,34.06,34.07,34.07,34.07,34.07,34.07,34.07,34.08,34.08,34.08,34.08,34.08,34.09,34.09,34.62,35.15,35.69,36.22,36.75,37.28,37.81,38.34,38.87,39.41,39.94,40.47,41.01,41.54,42.07,42.61,43.14,43.67,44.21,44.73,45.26,45.8,46.33,46.87,47.4,47.93,48.47,49.0,49.54,50.07,50.61,51.13,51.66,52.2,52.73,53.27,53.8,54.34,54.87,55.41,55.94,56.48,57.01,57.55,58.07,58.61,59.14,55.01,60.21,60.75,61.28,63.15,61.98,62.79,63.49,63.21,63.18,63.24,63.43,65.25,65.69,65.99,65.83,65.19,65.46,65.59,66.15,66.2,66.15,66.6,66.48,66.22,66.75,68.39,68.83,68.34,68.96,68.88,69.51,69.4,69.22,69.5,69.92,70.16,70.34,70.42,70.62,70.95,70.86,71.11,71.29,71.21,71.18,71.02,71.1,71.12,71.1,71.04,71.15,71.15,71.44,71.78,71.93,71.95,72.51,72.85,73.28,73.76,74.22,74.51,74.8,74.91,75.32,75.5,75.59,76.05,76.22,76.36,76.46,77.0,77.43,77.62,77.93,78.01,78.29,78.47,78.77,79.09,79.4,79.72,80.06,80.27,80.59,80.92,81.24,81.48,81.55,81.65,81.87,82.12,82.28,82.56,82.71,82.72,82.73,82.95,83.0,82.9,82.89,84.11,84.31,83.36,83.51,83.66,83.79,83.92,84.06,84.19,84.33,84.44,84.58,84.7,84.83,84.96,85.08,85.2,85.32,85.44,85.57,85.67,85.79,85.92,86.04,86.15,86.27,86.39,86.51,86.62,86.74,86.86,86.98,87.1,87.21,87.34,87.44,87.56,87.68,87.78,87.9,88.02,88.14,88.24,88.37,88.47,88.6,88.7,88.83,88.94,89.06,89.17,89.28,89.39,89.51,89.62,89.75,89.86,89.98,90.08,90.21,90.32,90.43,90.54,90.65,90.77,90.9,91.01,91.13,91.24,91.35,91.47,91.58,91.71,91.81,91.93,92.04,92.16,92.27,92.39,92.5,92.63
che,Switzerland,38,38,38,38,38,38,38,38,38,38,38,38,38,38,38,38,38,38,38,38,38,38,38,38,38,38,38,38,38,38,38,38,38,38,38,38,38,38,38,38,38,38,38,38,38,38,38,38,38,38,38,38,38,38,38,38,38,38,38,38,38,38,38,38.01,38.01,38.01,38.01,38.01,38.01,38.01,38.01,38.01,38.01,38.01,38.01,38.01,40.11,40.02,40.48,41.82,42.42,41.88,42.99,44.96,45.02,43.85,44.7,45.46,45.99,45.16,44.97,44.73,47.25,46.09,45.81,46.86,48.9,49.12,48.22,49.32,47.5,48.97,50.44,50.06,49.19,49.7,50.75,51.22,52.29,51.64,52.94,51.75,54.46,54.25,55.17,55.99,56.63,55.85,46.33,55.01,54.42,57.91,58.54,60.09,59.54,60,60.69,60.15,60.52,60.22,61.48,61.29,61.28,62.46,62.95,62.19,63.24,63.57,63.91,64.07,63.64,65.04,65.71,65.9,64.94,65.49,66.15,66.34,67.42,68.05,69.02,69.05,69.62,69.79,70.13,70.3,70.52,70.84,71.42,71.62,71.76,71.86,71.73,71.81,72.27,72.51,72.69,72.94,72.98,73.11,73.34,73.6,73.97,74.33,74.66,74.98,75.28,75.54,75.69,75.88,75.97,76.18,76.36,76.64,76.98,77.22,77.43,77.65,77.8,77.89,77.94,78.1,78.4,78.74,79,78.91,79.34,79.6,79.87,80.12,80.3,80.64,80.87,81.08,81.43,81.69,81.94,82.17,82.39,82.52,82.79,83.03,83.13,83.27,83.47,83.58,83.78,83.88,83.93,83.98,83.27,84.19,84.46,84.58,84.72,84.85,84.97,85.11,85.23,85.36,85.47,85.6,85.73,85.85,85.97,86.09,86.21,86.34,86.46,86.59,86.71,86.82,86.94,87.05,87.18,87.3,87.43,87.54,87.66,87.78,87.91,88.02,88.12,88.24,88.36,88.48,88.6,88.72,88.84,88.96,89.07,89.19,89.31,89.43,89.54,89.67,89.78,89.89,90.02,90.13,90.24,90.36,90.48,90.6,90.71,90.83,90.94,91.05,91.17,91.27,91.4,91.53,91.63,91.76,91.88,91.99,92.11,92.22,92.34,92.46,92.57,92.69,92.8,92.92,93.04,93.15,93.26,93.37,93.49,93.61,93.72
