geo,nome,1800,1801,1802,1803,1804,1805,1806,1807,1808,1809,1810,1811,1812,1813,1814,1815,1816,1817,1818,1819,1820,1821,1822,1823,1824,1825,1826,1827,1828,1829,1830,1831,1832,1833,1834,1835,1836,1837,1838,1839,1840,1841,1842,1843,1844,1845,1846,1847,1848,1849,1850,1851,1852,1853,1854,1855,1856,1857,1858,1859,1860,1861,1862,1863,1864,1865,1866,1867,1868,1869,1870,1871,1872,1873,1874,1875,1876,1877,1878,1879,1880,1881,1882,1883,1884,1885,1886,1887,1888,1889,1890,1891,1892,1893,1894,1895,1896,1897,1898,1899,1900,1901,1902,1903,1904,1905,1906,1907,1908,1909,1910,1911,1912,1913,1914,1915,1916,1917,1918,1919,1920,1921,1922,1923,1924,1925,1926,1927,1928,1929,1930,1931,1932,1933,1934,1935,1936,1937,1938,1939,1940,1941,1942,1943,1944,1945,1946,1947,1948,1949,1950,1951,1952,1953,1954,1955,1956,1957,1958,1959,1960,1961,1962,1963,1964,1965,1966,1967,1968,1969,1970,1971,1972,1973,1974,1975,1976,1977,1978,1979,1980,1981,1982,1983,1984,1985,1986,1987,1988,1989,1990,1991,1992,1993,1994,1995,1996,1997,1998,1999,2000,2001,2002,2003,2004,2005,2006,2007,2008,2009,2010,2011,2012,2013,2014,2015,2016,2017,2018,2019,2020,2021,2022,2023,2024,2025,2026,2027,2028,2029,2030,2031,2032,2033,2034,2035,2036,2037,2038,2039,2040,2041,2042,2043,2044,2045,2046,2047,2048,2049,2050,2051,2052,2053,2054,2055,2056,2057,2058,2059,2060,2061,2062,2063,2064,2065,2066,2067,2068,2069,2070,2071,2072,2073,2074,2075,2076,2077,2078,2079,2080,2081,2082,2083,2084,2085,2086,2087,2088,2089,2090,2091,2092,2093,2094,2095,2096,2097,2098,2099,2100
arg,Argentina,1698.66681,1704.59031,1710.53446,1716.49934,1722.48503,1728.49159,1734.51909,1740.56761,1746.63722,1752.728,1758.84002,1764.97336,1771.12808,1777.30426,1783.50198,1789.72131,1795.96233,1802.22511,1808.50974,1814.81627,1821.1448,1834.90244,1848.76401,1862.73029,1876.80208,1890.98017,1905.26537,1919.65849,1934.16033,1948.77173,1963.49351,1978.3265,1993.27155,2008.3295,2023.5012,2038.78752,2054.18931,2069.70746,2085.34283,2101.09632,2116.96882,2132.96123,2149.07445,2165.30939,2181.66698,2198.14814,2214.75381,2231.48492,2248.34242,2265.32728,2282.44044,2300.76527,2319.23722,2337.85748,2356.62723,2375.54768,2394.62003,2413.84551,2433.22534,2452.76077,2472.45303,2492.32263,2512.35191,2532.54215,2552.89465,2573.41071,2594.09164,2614.93878,2635.95344,2657.137,2678.49079,2736.79248,2796.3632,2857.23058,2919.42283,2982.9688,2988.69207,3227.92479,2997.8493,3049.35874,2926.88074,2908.56628,3557.5852,3860.91856,3990.26448,4468.72993,4316.49092,4396.61671,4829.296,4908.27713,4408.06326,4156.23934,4865.92493,5046.78029,5686.64198,6162.81812,6542.84331,5150.94382,5426.80548,6194.86844,5245.95012,5255.10735,4957.49726,5458.8558,5821.71117,6347.10744,6419.22065,6311.62316,6672.18923,6748.88106,6973.23328,6834.73012,7123.18298,6927.44711,6024.31496,5919.00678,5639.71116,5090.27715,5925.8747,6033.4722,6336.80555,6333.37159,6634.41564,7111.73643,7399.04463,7150.65468,7286.86852,7583.33396,7829.43461,7967.93776,7443.68615,6772.9188,6426.08858,6606.94394,7015.58548,7206.74273,7138.06348,7526.10125,7429.9503,7568.45345,7592.49119,7883.14686,7876.02723,7717.08536,8481.824,8098.61879,8706.44921,9533.83278,9876.58274,9526.67684,9448.56338,9676.75846,9020.70661,9338.14891,9560.983,10088.51057,10214.85902,10561.48354,11070.58745,10265.97448,11017.09593,11536.45342,11292.77246,10847.22147,11734.27776,12660.51047,12584.11573,12787.15431,13234.66352,14241.89198,14699.62717,15144.47434,15337.80668,15881.65247,16595.32399,16248.02918,16009.83011,16782.17629,15943.06194,16854.54391,16876.78631,15681.65819,14981.30436,15349.64425,15454.40554,14211.58455,15072.94389,15307.34932,14860.83209,13717.0746,13372.71724,14492.90871,15569.35437,16600.8898,17393.65043,16732.77069,17491.64597,18738.3665,19287.32409,18468.76525,18160.23461,17209.0087,15203.11078,16409.00006,17741.56395,19145.69921,20506.46832,22162.75429,22864.20052,21319.01616,23442.21118,24564.78439,24037.79989,24342.04276,23470.94316,23853.44074,23111.58349,23517.80382,22670.7843,21997.56119,19628.36375,21527.19614,22385.94421,21840.56639,21026.56981,21859.97238,22616.3766,23208.06247,23820.9631,24355.85035,24043.57421,24542.74707,25048.1637,25559.71901,26077.30118,26600.79168,27130.06541,27664.99079,28205.42991,28751.23861,29302.26671,29858.35814,30419.3511,30985.07833,31555.36723,32130.04015,32708.91462,33291.80355,33878.51555,34468.85512,35062.62301,35659.61645,36259.62944,36862.45308,37467.87585,38075.68391,38685.66143,39297.59089,39911.25339,40526.42901,41142.89704,41760.43637,42378.82579,42997.84425,43617.27123,44236.88699,44856.4729,45475.81172,46094.68788,46712.88773,47330.19986,47946.41532,48561.32787,49174.73426,49786.43438,50396.23158,51003.93278,51609.34875,52212.29422,52812.58811,53410.05369,54004.51867,54595.81542,55183.78103,55768.25747,56349.09166,56926.13557,57499.2463,58068.28616,58633.1227,59193.62878,59749.68257,60301.16763,60847.97284,61389.99249,61927.12622,62459.27902,62986.3612,63508.28836,64024.98135,64536.36623
aus,Australia,820.89343,825.91726,829.93632,834.96015,839.98397,845.0078,849.02686,854.05069,859.07452,864.09835,869.12217,873.14124,878.16506,883.18889,888.21272,893.23655,898.26038,903.2842,908.30803,914.33662,945.48435,954.64159,982.11329,1014.16361,1071.39631,1124.05041,1143.50953,1178.99381,1209.89947,1275.14476,1547.57245,1600.22655,1634.56617,1642.57875,1726.13851,2088.99388,2052.36495,2153.09452,2125.62282,1983.6857,2506.79266,2138.21401,1950.49073,2260.69201,2570.89329,2644.15116,2923.44678,3381.30845,3870.07579,3822.00031,3603.37137,4276.42803,5015.87463,5492.05077,4809.83687,4564.88088,5569.88725,4915.14506,4190.57896,5411.92497,5280.28974,5201.3086,4999.84947,4981.535,5283.72371,5039.91237,5187.57275,5672.90613,5758.75519,5645.43443,5971.66087,6019.73635,6482.17663,6976.66724,6997.27102,7550.13899,7310.90626,7363.56035,7803.10756,7672.61698,7817.98806,8128.18935,7412.78048,8164.81828,7853.47235,8068.66733,7898.11386,8450.98183,8217.47237,8661.5982,8133.91262,8513.93781,7289.15783,6764.90622,6871.35906,6361.98794,6723.69867,6239.50995,7099.14524,7006.42825,7322.3528,7004.13894,6975.52259,7436.81822,7836.30253,7812.26479,8223.19565,8422.36547,8563.15794,9088.55421,9506.35298,9312.90643,9301.45989,9409.05738,9172.11396,8935.17055,8899.68627,8741.72399,8397.18308,8604.36549,8695.93782,8960.35294,9239.64856,9473.15801,9884.08886,10131.33417,10167.9631,10115.30901,9947.04484,9602.50394,8589.48498,7943.90002,8327.35918,8834.44098,9232.78063,9703.2335,10063.79957,10483.88766,10739.14554,10665.88767,11249.6613,12391.30886,13707.10206,14075.01268,13459.21968,12652.32671,12068.50248,12200.84616,12761.97351,13263.8666,13591.40163,13736.09866,13458.76879,13794.63448,14375.92655,14777.46066,14828.04574,14803.572,15273.31511,15873.14371,16096.61194,15878.58004,16570.49088,17292.94256,18095.57784,18473.67565,18860.56606,19657.30417,20519.95686,21386.88499,22037.57326,22507.58184,22724.52385,23469.60981,23575.48823,23897.8022,24530.38133,24484.08223,25047.00566,25747.53556,26115.91019,26677.53498,26243.44384,25842.97096,27211.62874,28272.30536,28513.87776,29450.82414,30195.2607,31082.06048,31095.24509,30560.35864,30601.34177,31592.84064,32605.3616,33474.56397,34372.44012,35344.4121,36638.63904,37995.85003,39003.1041,39294.04204,40370.65184,41106.0603,42334.21235,43090.97138,43622.71856,44399.32274,44985.61028,44826.22496,45030.70025,45479.12136,46443.24511,46840.47484,47350.24009,47701.31317,48267.17755,48579.70522,49249.30133,49585.42335,48813.65782,49774.3407,51242.84581,51551.98618,51787.05031,52323.08193,52918.67869,53650.33469,54476.86406,55430.36871,54196.87369,54794.74198,55389.32473,55980.46028,56567.99195,57151.7681,57731.64225,58307.4731,58879.12465,59446.46621,60009.37247,60567.7235,61121.40478,61670.3072,62214.32707,62753.36612,63287.33142,63816.13544,64339.69593,64857.93592,65370.78367,65878.17257,66380.04112,66876.33283,67366.99613,67851.98433,68331.25549,68804.77234,69272.50219,69734.4168,70190.49232,70640.70915,71085.05182,71523.50891,71956.07291,72382.74013,72803.51054,73218.38769,73627.37857,74030.49349,74427.74598,74819.15264,75204.73304,75584.50962,75958.5075,76326.75445,76689.28073,77046.11895,77397.30403,77742.87301,78082.86499,78417.32099,78746.28388,79069.79823,79387.91027,79700.66772,80008.11974,80310.31681,80607.31066,80899.15416,81185.90126,81467.60685,81744.32674,82016.11754,82283.0366,82545.14193,82802.49211,83055.14627,83303.16397,83546.60514,83785.53007
bra,Brazil,992.41518,992.41518,992.41518,992.41518,992.41518,992.41518,992.41518,992.41518,992.41518,992.41518,992.41518,992.41518,992.41518,992.41518,992.41518,992.41518,992.41518,992.41518,992.41518,992.41518,992.41518,992.41518,992.41518,992.41518,992.41518,992.41518,992.41518,992.41518,992.41518,992.41518,992.41518,992.41518,992.41518,992.41518,992.41518,992.41518,992.41518,992.41518,992.41518,992.41518,992.41518,992.41518,992.41518,992.41518,992.41518,992.41518,992.41518,992.41518,992.41518,992.41518,992.41518,1059.94977,1031.33342,968.37744,936.32712,943.19505,977.53467,1047.35858,1114.89317,1105.73594,1134.35229,1124.05041,1071.39631,1094.2894,1111.45921,1192.72966,1237.37117,1339.24539,1339.24539,1339.24539,1240.80513,1240.80513,1284.30199,1246.52841,1265.98753,1284.30199,1237.37117,1201.88689,1260.26426,1269.42149,1211.04412,1222.49067,1251.10702,1216.7674,1299.1825,1207.61016,1246.52841,1164.1133,1118.32714,1134.35229,1240.80513,1318.64162,1143.50953,972.95605,972.95605,1152.66676,1047.35858,1031.33342,1056.51581,1035.91204,1000.42776,1075.97493,1054.2265,1053.08185,1050.79254,1058.80512,1136.6416,1112.60387,1081.6982,1143.50953,1133.20764,1231.6479,1192.72966,1197.30828,1149.2328,1176.7045,1185.86173,1243.09444,1191.585,1320.93093,1421.66049,1421.66049,1489.19509,1541.84918,1510.94352,1485.76113,1486.90578,1563.59761,1707.82404,1676.91838,1545.28315,1481.18251,1501.78629,1587.63535,1683.7863,1696.3775,1821.1448,1842.89323,1880.66682,1862.35235,1842.89323,1927.60933,1815.30953,2021.66144,2048.11784,2057.38387,2221.74597,2248.36795,2410.74025,2536.47938,2574.85129,2625.99513,2749.94597,2801.67944,2937.72463,3093.27532,3096.95256,3256.82268,3470.98762,3680.44767,3891.26517,4165.93966,4297.11279,4276.71192,4309.85181,4359.17577,4482.23572,4572.52519,4914.37041,5182.96027,5589.88546,6075.55034,6644.30048,7399.75782,7822.49155,8044.51481,8673.2787,8900.98263,9139.08171,9543.87541,10199.08765,9553.19341,9420.72149,8938.6136,9238.8885,9783.0303,10328.60945,10510.62783,10349.72001,10510.271,9988.29028,9974.32448,9807.39482,10173.6772,10646.96732,10969.51324,11083.10477,11326.68917,11232.80287,11155.05765,11511.35703,11539.47012,11760.45791,11768.13126,12315.44864,12575.60552,12936.83113,13579.77628,14125.15225,13962.69024,14856.75667,15304.44962,15458.66552,15785.50135,15729.53942,15043.9962,14433.59763,14509.12816,14651.1636,14716.84189,14140.23542,14735.58178,15110.50403,15470.31199,15716.61425,15966.66084,16214.42716,16507.48908,16867.88321,17290.69492,17400.27261,17798.63113,18203.99404,18616.35591,19035.70515,19462.02387,19895.28778,20335.4661,20782.52141,21236.4096,21697.07983,22164.47439,22638.52873,23119.17141,23606.32406,24099.90143,24599.81136,25105.95482,25618.226,26136.51231,26660.69451,27190.64678,27726.23685,28267.32608,28813.76967,29365.41677,29922.11065,30483.68892,31049.98368,31620.82179,32196.02503,32775.4104,33358.79032,33945.9729,34536.76222,35130.95862,35728.35892,36328.75678,36931.94298,37537.70571,38145.83087,38756.10242,39368.30263,39982.21247,40597.61187,41214.28006,41831.99586,42450.53804,43069.68557,43689.21796,44308.91557,44928.55987,45547.93376,46166.82183,46785.01064,47402.28901,48018.44824,48633.28238,49246.58847,49858.16676,50467.82093,51075.35829,51680.59001,52283.33123,52883.40133,53480.62399,54074.82744,54665.84451,55253.51279,55837.67475,56418.17785
can,Canada,1415.50555,1424.1301,1433.83273,1442.45729,1452.15992,1460.78447,1470.4871,1479.11166,1488.81429,1498.51691,1508.21954,1522.23445,1535.17129,1549.18619,1563.2011,1577.216,1591.23091,1605.24582,1620.33879,1634.3537,1649.44668,1666.17538,1683.07375,1700.14351,1717.38638,1734.80413,1752.39854,1770.17138,1788.12448,1806.25966,1824.57877,1852.15737,1880.15282,1908.57142,1937.41957,1966.70376,1996.43059,2026.60674,2057.239,2088.33427,2119.89955,2148.74446,2177.98186,2207.61708,2237.65554,2268.10273,2298.9642,2330.2456,2361.95264,2394.0911,2426.66687,2447.90262,2469.32421,2490.93326,2512.73141,2534.72032,2556.90165,2579.27709,2601.84834,2624.61711,2647.58512,2689.06254,2731.18975,2773.97694,2817.43443,2861.57273,2906.40251,2951.93459,2998.17999,3045.14988,3092.8556,3201.59775,3111.17007,3360.70468,3382.45311,3255.39649,2994.41534,3151.23296,2986.40276,3219.91221,3313.77386,3722.4154,3848.32736,3812.84308,4070.39027,3781.93742,3786.51604,3867.78648,4103.58524,4085.27078,4338.23935,4395.47206,4325.64815,4258.11356,4414.93118,4325.64815,4174.5538,4583.19535,4712.54127,5101.72369,5311.19541,5651.1577,6078.11371,6082.69232,5984.25206,6499.34645,7016.73014,7070.52888,6517.66091,7024.74272,7418.50375,7686.35283,7986.25223,8113.30884,7344.10123,7722.98177,8477.30887,8760.03846,8103.00696,7332.65469,7044.20184,6125.04453,6920.57919,7254.81821,7255.96286,7918.71763,8204.88118,8843.59821,9436.52908,9241.93787,8778.35292,7305.18299,6698.51627,6149.08227,6734.00055,7209.03204,7524.95659,8161.38432,8294.1642,8699.37178,9794.80584,11048.64416,12851.23374,13282.12914,13621.8238,13064.62776,12704.35721,13001.78729,12969.13168,12977.91087,13405.39832,13833.22616,14418.42387,14713.16223,14186.83724,15119.34479,16001.15539,15917.77813,15790.3664,16065.89572,16221.77277,16377.59197,17207.14893,17762.09287,18580.94158,19467.82728,20387.29088,20622.12306,21385.73722,22211.91046,22492.95509,23271.72102,24205.30318,25560.07463,26139.06026,26257.8106,27397.50716,28001.82625,28776.30327,29595.41721,29785.39767,30400.69204,29109.41619,29603.80316,31042.19555,32294.92626,32715.14675,33618.49297,34691.94629,34900.05802,34450.9057,33333.76443,33256.34873,33784.36691,34939.03612,35522.86597,35755.76295,36928.76167,38056.20228,39697.29762,41357.00892,41673.07728,42457.2074,42828.78502,43732.93386,44697.00712,45395.34182,45856.82282,45788.87323,43919.81588,44744.83472,45700.61891,46001.71378,46578.38672,47439.34605,47386.03885,47339.4601,48196.05081,48813.40684,49023.13734,46051.15551,48218.03832,49161.02434,48249.32843,47730.71666,48204.69341,48493.48576,48950.26352,49696.05071,50661.03897,50371.03582,50975.71404,51578.06289,52177.899,52775.04324,53369.3208,53960.5614,54548.59939,55133.27389,55714.42887,56291.9133,56865.58118,57435.29165,58000.90904,58562.30294,59119.34821,59671.92503,60219.91894,60763.22079,61301.72681,61835.33856,62363.96293,62887.51207,63405.90343,63919.05966,64426.90856,64929.38307,65426.42114,65917.96572,66403.96463,66884.37053,67359.14079,67828.23743,68291.62699,68749.28047,69201.17321,69647.28476,70087.59881,70522.10307,70950.78912,71373.65236,71790.69184,72201.91015,72607.31334,73006.91075,73400.71492,73788.7415,74171.00904,74547.539,74918.3555,75283.48531,75642.95767,75996.80422,76345.05886,76687.75762,77024.93861,77356.64187,77682.90926,78003.78439,78319.31247,78629.54028,78934.51599,79234.28915,79528.91051,79818.43202,80102.90668,80382.38846,80656.93226,80926.59378,81191.42949,81451.49649
chl,Chile,976.39002,976.39002,976.39002,976.39002,976.39002,976.39002,976.39002,976.39002,976.39002,976.39002,976.39002,932.89316,918.01265,924.88058,930.60385,934.03781,903.13215,893.97492,940.90574,900.84284,943.19505,921.44662,950.06297,912.28938,899.69819,976.39002,1013.01895,1034.76738,1041.63531,1066.8177,1058.80512,1063.38373,1094.2894,1100.01267,1125.19506,1148.08814,1134.35229,1176.7045,1182.42777,1170.98123,1237.37117,1237.37117,1246.52841,1271.7108,1278.57872,1306.05042,1339.24539,1354.1259,1404.49068,1485.76113,1547.57245,1593.35862,1607.09447,1561.30831,1587.63535,1631.13221,1633.42152,1673.48441,1731.86178,1784.51587,1817.71084,1802.83034,1777.64794,1826.86808,1908.13852,1957.35865,2003.14482,1906.99387,1961.93727,2116.46558,2138.21401,2101.58508,2186.28949,2316.78006,2236.65427,2346.54107,2275.57251,2184.00018,2235.50962,2539.98763,2767.77381,2847.89961,3083.69837,3071.10717,3094.00025,2915.4342,3004.71723,3185.57259,2995.56,3099.72353,3327.50971,3477.45941,3439.68582,3530.1135,3408.78015,3781.93742,3867.78648,3674.33993,4131.05694,3968.51605,3875.79906,3910.13869,4125.33367,3870.07579,4174.5538,3971.95001,4198.59154,4361.13243,4601.50981,4626.69221,5133.77401,5129.19539,5501.208,5535.54763,4659.88718,4364.5664,5265.40924,5289.44698,5267.69855,4410.35256,4862.49097,4266.12614,4365.71105,5166.96898,5470.30234,5612.23946,5382.16396,5201.3086,6420.36531,6500.4911,5581.33379,4468.72993,3376.72984,4141.35883,4886.5287,5163.53502,5247.09477,5818.27721,5803.3967,5844.60426,5925.8747,5809.5102,5871.27473,5907.65361,5889.48262,6259.10998,6650.00531,5810.65916,6632.61212,6357.25314,6526.38733,6640.20164,6880.10734,7243.242,6813.25001,6922.88059,6830.24506,7282.89999,7457.32923,6921.98971,7341.26797,7478.19489,7616.65791,7884.42279,7852.80511,7720.12718,8380.04225,8454.2934,8560.1415,8685.60215,8679.52554,9273.55187,8987.11951,8327.299,8252.67005,7055.26529,7177.11679,7749.00551,8242.54811,8775.08837,9315.14396,9706.63405,8231.94589,7853.93018,8165.61907,8177.38564,8462.21644,8841.48661,9301.71568,10090.99938,10264.04916,10837.62943,11830.47796,12370.11041,12760.30813,13687.19356,14380.29464,15163.13911,15520.20536,15232.56335,15749.3634,16029.77034,16306.8218,16847.90908,17753.97365,18579.53691,19490.50912,20273.88145,20813.16859,20356.64881,21324.64352,22428.41496,23578.03683,24124.1985,24310.66114,24579.47832,24714.73866,24662.03042,25189.57053,24899.30173,23053.79566,25412.75207,25789.67715,25812.05431,26159.39739,26662.09833,27134.41697,27677.8207,28296.11389,28985.67519,28829.27019,29382.77134,29941.39617,30504.98293,31073.3643,31646.36756,32223.81489,32805.52352,33391.30605,33980.97066,34574.32137,35171.15836,35771.27823,36374.47427,36980.53679,37589.25341,38200.40938,38813.78785,39429.17026,40046.33658,40665.06566,41285.13558,41906.32389,42528.40801,43151.16546,43774.37424,44397.81308,45021.26177,45644.50146,46267.31489,46889.48673,47510.80384,48131.05548,48750.03365,49367.53325,49983.35236,50597.29244,51209.15856,51818.75958,52425.90837,53030.42194,53632.12164,54230.83332,54826.38742,55418.61917,56007.36864,56592.4809,57173.80608,57751.19943,58324.52147,58893.63796,59458.41999,60018.74401,60574.49186,61125.55078,61671.8134,62213.17776,62749.54729,63280.83076,63806.9423,64327.80131,64843.33243,65353.4655,65858.13549,66357.2824,66850.85125,67338.79193,67821.05917,68297.61242,68768.41575,69233.43777
chn,China,1059.94977,1057.05276,1054.16368,1051.28248,1048.40916,1045.5437,1042.68606,1039.83624,1036.9942,1034.15994,1031.33342,1029.13766,1026.94657,1024.76015,1022.57838,1020.40126,1018.22878,1016.06092,1013.89767,1011.73903,1009.58499,1005.38653,1001.20553,997.04192,992.89562,988.76657,984.65468,980.5599,976.48215,972.42135,968.37744,968.72029,969.06326,969.40635,969.74956,970.0929,970.43636,970.77994,971.12364,971.46746,971.8114,972.83671,973.8631,974.89057,975.91912,976.94877,977.97949,979.01131,980.04421,981.0782,982.11329,986.86742,991.64457,996.44485,1001.26836,1006.11522,1010.98554,1015.87944,1020.79702,1025.73842,1030.70373,1035.69308,1040.70658,1045.74435,1050.8065,1055.89316,1061.00445,1066.14047,1071.30136,1076.48723,1081.6982,1079.43887,1077.18425,1074.93434,1072.68913,1070.44861,1068.21277,1065.9816,1063.75509,1061.53323,1059.31601,1057.10343,1054.89546,1052.69211,1050.49335,1048.29919,1046.10962,1043.92461,1063.39971,1083.23812,1103.44663,1104.35895,1105.27203,1106.18586,1107.10045,1108.01579,1108.93189,1109.84874,1110.76636,1111.68473,1112.60387,1105.40335,1098.24943,1091.14181,1084.08018,1077.06426,1070.09375,1063.16834,1056.28776,1049.45171,1042.65989,1035.91204,1080.72875,1127.48437,1128.7612,1130.03948,1131.31921,1132.60039,1133.88301,1135.16709,1136.45263,1137.73962,1139.02806,1140.31797,1141.60934,1142.90217,1144.19646,1145.49222,1146.78945,1148.08814,1158.39003,1161.82399,1189.2957,1056.51581,1072.54097,1152.66676,1219.0567,1183.57242,1148.08814,1126.53767,1105.39172,1066.24003,1028.47505,992.04767,956.91049,923.01784,890.32562,858.79133,828.37394,799.0339,770.73305,900.84298,975.97898,1061.49697,947.7355,995.04753,1039.57781,1028.72388,999.70936,940.69674,878.86769,712.59029,739.72684,811.00602,885.89439,945.63367,935.09027,901.29589,842.39681,887.80763,966.31727,994.51945,958.81105,993.94425,983.44591,1015.40715,951.60155,974.98364,1055.28297,1104.54979,1125.47724,1137.96027,1206.15702,1275.21602,1408.19322,1527.57384,1601.61067,1717.21734,1823.02891,1827.63332,1827.94142,1918.43432,2104.24593,2323.14877,2541.05536,2748.56661,2944.11655,3122.19344,3271.01393,3450.64731,3680.91946,3924.27303,4221.49006,4573.42668,4970.66145,5470.44143,6093.77392,6878.69357,7462.7047,8094.01784,8884.50683,9680.00923,10370.63179,11101.83747,11851.29591,12612.23639,13399.01486,14243.40244,15133.85731,15977.61781,16296.46044,17657.49518,18187.6749,19153.30376,20051.13299,20884.71986,21691.84956,22608.48921,23707.87622,24974.19897,25408.29138,25923.85483,26445.34842,26972.64873,27505.62587,28044.14356,28588.0593,29137.22449,29691.4846,30250.67938,30814.64302,31383.20438,31956.18719,32533.41031,33114.68794,33699.8299,34288.64188,34880.92571,35476.47968,36075.09875,36676.57494,37280.69755,37887.25352,38496.02772,39106.80324,39719.36175,40333.48379,40948.94906,41565.53678,42183.02599,42801.19584,43419.8259,44038.69648,44657.58892,45276.28588,45894.57159,46512.23221,47129.05599,47744.83364,48359.35849,48972.42678,49583.83789,50193.39455,50800.90304,51406.17342,52009.01969,52609.25997,53206.71668,53801.21669,54392.59142,54980.67704,55565.31453,56146.34981,56723.63381,57297.02259,57866.37738,58431.56462,58992.45607,59548.92878,60100.86516,60648.15297,61190.68534,61728.36076,62261.08306,62788.76139,63311.31021,63828.64923,64340.70335,64847.40264,65348.68225,65844.48238
cub,Cuba,708.42218,713.91992,720.20304,726.48616,731.9839,738.26702,744.55014,750.83327,757.11639,763.39951,769.68264,775.96576,782.24888,789.3174,795.60052,801.88365,808.95216,815.23528,822.3038,829.37231,836.44082,842.72395,849.79246,856.86098,863.92949,871.7834,878.85191,885.92042,893.77433,900.84284,901.75211,902.6623,903.57341,904.48543,905.39838,906.31225,907.22704,908.14276,909.0594,909.97696,910.89545,911.81487,912.73521,913.65649,914.57869,930.81944,947.34858,964.17124,981.29263,998.71805,1016.45291,1032.20777,1048.20682,1064.45385,1080.95271,1097.7073,1114.72158,1131.99958,1149.54539,1167.36315,1185.45709,1203.83148,1222.49067,1233.53392,1244.67694,1255.92061,1267.26586,1278.71358,1290.26473,1301.92021,1313.68099,1325.54801,1337.52222,1349.6046,1361.79613,1374.09779,1386.51058,1399.03549,1411.67355,1424.42577,1437.29319,1450.27685,1492.47673,1535.90454,1580.596,1626.58789,1673.91803,1722.62539,1772.75002,1824.33317,1877.41727,1932.046,1988.26431,1981.64139,1975.04052,1968.46164,1961.90468,1955.36956,1948.8562,1942.36454,1935.89451,1929.44603,1923.01903,2012.30205,2070.67942,2159.96244,2189.72345,2368.2895,2101.58508,2368.2895,2368.2895,2159.96244,2220.62911,2426.66687,2487.33354,2456.42787,2574.32726,2604.08826,2634.99393,2721.98765,2721.98765,2634.99393,2604.08826,2574.32726,2663.61028,2930.31471,2782.65432,2752.89331,2604.08826,2869.64804,2721.98765,2012.30205,1864.64166,1775.35864,1923.01903,2070.67942,2189.72345,2337.38384,2368.2895,2337.38384,2368.2895,2515.94989,2515.94989,2368.2895,2604.08826,2604.08826,2752.89331,2930.31471,2869.64804,2841.03168,3019.59773,3049.35874,3255.39649,2988.69207,2988.69207,3019.59773,3136.35246,3344.67952,3344.67952,3440.83047,3427.09462,3511.79903,3404.20154,3385.88707,3614.81791,3534.69211,3645.72357,3993.69844,3696.08835,3590.78017,3406.49085,3618.25187,3723.56005,3990.26448,4131.05694,4272.99406,4333.66073,4479.03182,4709.10731,4788.08844,4699.95007,5059.37148,5136.06332,5385.59793,5781.64827,5860.62941,5809.11997,5593.92499,5716.40298,5712.96902,5394.75516,4558.01295,3891.82422,3041.34616,3071.10717,3274.85561,3720.12609,3921.58523,3910.13869,4148.22676,4588.91862,4843.03184,5000.99412,5158.9564,5220.76772,5395.89981,6199.44705,6451.27097,6873.64836,7151.79933,7529.53521,7930.16417,8170.54155,8446.40321,8731.4221,9030.17684,9074.81835,9243.08252,9458.27751,9452.55423,8429.2334,8568.88121,8755.45984,8843.01444,8931.44458,9020.75903,9129.00814,9265.94326,9432.73024,9621.38484,9335.06508,9563.96436,9798.42722,10038.54605,10284.4121,10536.11528,10793.74402,11057.38502,11327.12314,11603.04116,11885.2196,12173.73651,12468.66731,12770.08453,13078.05764,13392.65283,13713.93282,14041.95662,14376.77935,14718.45203,15067.02136,15422.52952,15785.01398,16154.50732,16531.03699,16914.62515,17305.28852,17703.03814,18107.87926,18519.81115,18938.82697,19364.91362,19798.05159,20238.2149,20685.37091,21139.48031,21600.49696,22068.36788,22543.03317,23024.42597,23512.47243,24007.0917,24508.19595,25015.69038,25529.47325,26049.43593,26575.46297,27107.43221,27645.21484,28188.67553,28737.67258,29292.05804,29851.67789,30416.37219,30985.97531,31560.3161,32139.21814,32722.49994,33309.97518,33901.453,34496.73821,35095.63163,35697.93029,36303.42781,36911.91461,37523.17828,38137.00385,38753.1741,39371.46991,39991.67056,40613.55401
deu,Germany,2045.49702,2038.6291,2056.94357,2063.81149,2069.53476,1974.52846,1989.40897,1991.69828,2055.79891,2102.72973,2197.73603,2172.55364,2109.59766,2018.02532,2138.21401,2195.44672,2093.5725,1998.5662,2138.21401,2241.23289,2336.23919,2359.13227,2341.96246,2322.50334,2443.83668,2450.7046,2455.28322,2403.77378,2341.96246,2368.2895,2340.8178,2322.50334,2372.86812,2451.84926,2482.75492,2485.04423,2487.33354,2482.75492,2422.08825,2425.52221,2477.03165,2553.72348,2510.22662,2407.20775,2448.4153,2470.16372,2388.89328,2363.71089,2521.67316,2618.96877,2605.23292,2568.60399,2601.79896,2577.76122,2632.70462,2590.35241,2792.9562,2908.56628,2871.93734,2855.91219,2990.98138,2887.9625,3001.28327,3191.29586,3247.38391,3229.06945,3231.35876,3222.20152,3395.0443,3393.89965,3354.98141,3314.91851,3523.24557,3646.86823,3875.79906,3852.90598,3778.50346,3709.8242,3836.88082,3701.81162,3633.13238,3694.9437,3729.28333,3910.13869,3974.23932,4042.91857,4033.76134,4150.51606,4271.84941,4340.52866,4429.81168,4373.72363,4505.35886,4680.49095,4740.01297,4900.26455,4999.84947,5062.80545,5196.72999,5300.89352,5446.2646,5237.93754,5278.00043,5488.6168,5624.83065,5663.74889,5750.74261,5920.15143,5937.32124,5975.09483,6109.01937,6217.76152,6429.52254,6656.16407,5581.33379,5289.44698,5354.69226,5385.59793,5442.83064,4718.26454,5101.72369,5615.67342,6078.11371,5017.01928,5836.59167,6444.40305,6577.18293,7190.71757,7462.00061,7391.03205,7249.09494,6663.032,6134.20176,6487.89991,7039.62322,7516.94402,8121.32142,8548.27743,9111.44729,9863.48509,9857.76182,10429.11086,10491.1914,10776.03427,11140.64271,8272.70059,4066.97493,4472.60744,5207.53172,6036.08011,7144.44722,7758.48441,8413.43056,9082.16007,9730.13589,10781.34915,11515.20442,12126.37566,12600.92501,13460.80437,14487.80835,15014.14882,15571.3043,15899.87495,16759.71289,17532.49038,17912.51458,17908.65342,18814.44439,20017.18362,20863.04909,21420.62121,22293.04963,23333.83382,23582.33336,23514.22046,24782.70227,25643.78621,26478.33136,27641.17048,28054.25839,28130.51476,27981.68232,28591.87056,29572.83023,30356.13256,31115.4225,31639.00461,32673.02726,33645.92574,34234.02911,35939.58002,36572.92393,36186.01072,37127.96427,37796.35695,38170.58093,38971.85228,39909.7024,40794.63613,42071.06157,42838.29103,42808.43828,42586.32399,43185.10911,43600.9568,45377.74992,46848.86287,47426.11814,44858.50483,46809.12081,49556.64569,49670.70576,49752.10142,50639.84901,50952.35023,51669.81133,52856.77336,53215.25465,53666.40464,51570.56862,53179.6544,53751.3101,53153.36126,53215.48035,53926.31163,54736.76236,55491.54022,56409.97546,57432.43181,56584.89846,57159.937,57730.98142,58297.89643,58860.55204,59418.82355,59972.59161,60521.74221,61066.16674,61605.76193,62140.42988,62670.07801,63194.61907,63713.97107,64228.05724,64736.80599,65240.15084,65738.03038,66230.38815,66717.1726,67198.33701,67673.83938,68143.64233,68607.71306,69066.02318,69518.54863,69965.2696,70406.1704,70841.23933,71270.46859,71693.85416,72111.3957,72523.09638,72928.96282,73329.00494,73723.23585,74111.67173,74494.33169,74871.23771,75242.41445,75607.88919,75967.69168,76321.85403,76670.41064,77013.39802,77350.85474,77682.82127,78009.33993,78330.45475,78646.21138,78956.65698,79261.84013,79561.81076,79856.62002,80146.3202,80430.96465,80710.60771,80985.30459,81255.11133,81520.0847,81780.28212,82035.76162,82286.58173,82532.80144,82774.48012,83011.67747,83244.45347,83472.86828,83696.98224,83916.85578,84132.54937
egy,Egypt,1090.18325,1091.55196,1091.55196,1091.55196,1091.55196,1091.55196,1091.55196,1091.55196,1091.55196,1091.55196,1092.92068,1092.92068,1092.92068,1092.92068,1092.92068,1092.92068,1092.92068,1092.92068,1094.2894,1094.2894,1094.2894,1099.18398,1104.10046,1109.03893,1113.99949,1118.98224,1123.98727,1129.01469,1134.0646,1139.13709,1144.23228,1149.35025,1154.49112,1159.65497,1164.84193,1170.05209,1175.28555,1180.54242,1185.8228,1191.1268,1196.45453,1201.80608,1207.18157,1212.58111,1218.0048,1223.45274,1228.92505,1234.42185,1239.94322,1245.4893,1251.06018,1256.65597,1262.2768,1267.92277,1273.59399,1279.29058,1285.01264,1290.76031,1296.53368,1302.33287,1308.158,1314.00919,1319.88655,1325.7902,1331.72025,1337.67683,1343.66005,1349.67003,1355.70689,1361.77076,1367.86175,1378.62632,1389.47561,1400.41028,1411.431,1422.53845,1433.73331,1445.01627,1456.38802,1467.84926,1479.4007,1491.04305,1502.77701,1514.60332,1526.5227,1538.53588,1550.6436,1562.8466,1575.14563,1587.54146,1600.03483,1612.62652,1625.31731,1638.10796,1650.99928,1663.99204,1677.08705,1690.28512,1703.58705,1716.99366,1730.50577,1744.12422,1757.84985,1771.68349,1785.62599,1799.67822,1813.84103,1828.1153,1842.5019,1857.00172,1871.61565,1886.34459,1901.18943,1916.1511,1908.76164,1901.40067,1894.06809,1886.76379,1879.48765,1872.23958,1865.01946,1857.82718,1850.66263,1843.52572,1836.41633,1829.33436,1822.27969,1815.25224,1808.25188,1801.27852,1794.33205,1787.41237,1780.51938,1773.65297,1766.81303,1759.99948,1753.2122,1746.4511,1739.71607,1733.00701,1726.32382,1723.28214,1720.24581,1717.21484,1714.18921,1711.1689,1708.15392,1705.14425,1702.13989,1699.14082,1696.14703,1691.12226,1699.07837,1701.78317,1682.43124,1672.07655,1702.90126,1743.06627,1808.95608,1852.81484,1914.56838,1987.11305,2047.20228,2116.14456,2280.66048,2366.87624,2323.8609,2253.45943,2283.32043,2412.16763,2650.72023,2710.8656,2744.77716,2750.59826,2791.82366,2953.38719,3322.39051,3585.44211,3773.15509,4024.72927,4332.08417,4337.058,4590.11864,4851.9786,5076.42723,5299.82179,5384.03586,5482.52252,5609.32628,5675.5569,5754.54064,5786.31333,5953.999,6067.68473,6225.57763,6428.81191,6658.86845,6916.63012,7178.76168,7481.40827,7822.51914,7973.06233,8022.86372,8121.90841,8293.24286,8499.87695,8902.21069,9344.7799,9805.92893,10049.96053,10333.27557,10286.0102,10279.86042,10264.06416,10318.65092,10534.8822,10765.8288,10995.00567,11363.31802,11780.9621,11989.59925,12180.45165,12780.75987,13058.06594,13181.73757,13497.15506,13858.6226,14362.97452,14954.80786,15677.91384,15779.69314,16148.34939,16523.97615,16906.5929,17296.21362,17692.84664,18096.49447,18507.15364,18924.81456,19349.46139,19781.07193,20219.61746,20665.06271,21117.3657,21576.47772,22042.34323,22514.89984,22994.07825,23479.80226,23971.98873,24470.54764,24975.38205,25486.38822,26003.45561,26526.46697,27055.29845,27589.81967,28129.89388,28675.37807,29226.12312,29781.974,30342.76992,30908.3445,31478.52607,32053.13777,32631.99789,33214.92004,33801.71346,34392.18323,34986.13058,35583.35319,36183.64542,36786.79865,37392.60159,38000.84056,38611.29979,39223.76178,39838.00758,40453.8171,41070.96946,41689.24326,42308.41695,42928.26907,43548.57863,44169.12535,44789.69,45410.05467,46030.00306,46649.32076,47267.79552,47885.2175,48501.37955,49116.0774,49729.10994,50340.27945,50949.39173,51556.25642,52160.68706,52762.50139,53361.52141,53957.5736
gbr,UK,3826.57893,3835.73616,3846.03805,3722.4154,3667.472,3831.15755,3762.4783,3953.63555,3720.12609,3787.66069,3981.10725,3888.39026,3670.90596,3809.40912,3667.472,3993.69844,3720.12609,3723.56005,3664.03804,3551.86193,3784.22673,3786.51604,3794.52861,3844.8934,3997.1324,4030.32738,3765.91226,4005.14498,3961.64813,3941.04435,4063.52235,4057.79908,4134.49091,4119.6104,4165.39657,4419.5098,4506.50352,4414.93118,4536.26452,4442.40288,4599.2205,4457.28339,4358.84313,4521.38402,4859.057,5021.5979,4960.93123,4846.46581,4991.83689,5061.66079,4958.64192,5124.61677,5295.17025,5418.7929,5619.10738,5434.81806,5738.15142,5745.01934,5584.76775,5758.75519,5821.71117,5750.74261,5453.13252,5912.13885,6015.15773,6104.44075,6239.50995,6208.60429,6451.27097,6450.12632,6672.18923,6635.5603,6603.50998,6687.06973,6723.69867,6810.69239,6796.95653,6779.78672,6729.42194,6622.9691,6864.49113,7035.0446,7175.83707,7170.1138,7119.74901,7019.01945,7062.51631,7277.71129,7537.54779,7870.64216,7835.15788,7761.90001,7500.91886,7424.22703,7842.0258,8008.00066,8254.10131,8274.70508,8584.90637,8847.03218,8692.50386,8603.22083,8739.43468,8564.30259,8533.39693,8702.80575,8907.69885,8991.2586,8540.26485,8650.15166,8834.44098,9013.00703,9104.57937,9399.90014,9307.18316,9888.66748,9960.78069,9918.42849,9878.36559,8705.09506,8032.0384,7774.49121,8460.13906,8684.49128,8978.66741,9385.01964,9006.13911,9697.51023,9774.20206,10040.90649,9927.58572,9374.71775,9393.03222,9627.68633,10232.06374,10581.18326,11011.57323,11344.6676,11432.80597,11425.93805,12508.7809,13648.19538,13931.28548,14120.45178,13498.67722,12860.0195,12290.22745,12031.55631,12287.20085,12667.25914,12633.68245,12990.83458,12953.10763,13436.08945,13909.36527,14342.00204,14445.0079,14591.29473,14516.34531,14978.71473,15644.7448,15968.2276,16010.95531,16516.69383,17283.26882,17591.92954,17826.17128,18112.25464,18975.05382,19021.53038,19376.20512,19814.2697,20522.90255,21832.99545,21394.85391,21207.5292,21738.73803,22235.29793,23096.69963,23840.75762,23375.39964,23131.40787,23568.51515,24478.34456,25008.59516,25912.22272,26763.91075,28083.0995,29489.66257,30095.07785,30165.95456,29736.00241,29768.30315,30435.7545,31527.44556,32237.63898,32984.13801,34410.46336,35479.63894,36471.56097,37894.87906,38748.21228,39321.5253,40399.90337,41165.64141,42028.11521,42736.21876,43533.07586,43109.05814,40833.62993,41443.5815,41591.83623,41928.52706,42395.13104,43428.96786,44042.83575,44550.01073,45423.20029,45782.59534,46272.39282,41327.18445,44949.09304,46373.15913,46041.73843,46042.78716,46555.56024,47178.48948,47993.09647,48955.67169,50114.85719,50171.82698,50773.55486,51372.95333,51969.84014,52564.03723,53155.37088,53743.67186,54328.77557,54910.52217,55488.75664,56063.32895,56634.09408,57200.91214,57763.64839,58322.17333,58876.36273,59426.09763,59971.26442,60511.75479,61047.46575,61578.29963,62104.16407,62624.97195,63140.6414,63651.09573,64156.2634,64656.07795,65150.4779,65639.40677,66122.81292,66600.64948,67072.87432,67539.44989,68000.34316,68455.52552,68904.97268,69348.66452,69786.58506,70218.72228,70645.06805,71065.61799,71480.37137,71889.33098,72292.50302,72689.89701,73081.5256,73467.40453,73847.55246,74221.99088,74590.74399,74953.83856,75311.30386,75663.17149,76009.47533,76350.25138,76685.53769,77015.3742,77339.8027,77658.86668,77972.61125,78281.08304,78584.3301,78882.40179,79175.34873,79463.22268,79746.07644,80023.9638,80296.93945,80565.05887,80828.37831,81086.95465
ind,India,1183.7995,1182.42777,1176.57588,1170.75295,1164.95884,1159.1934,1153.4565,1147.74798,1142.06773,1136.41558,1130.7914,1125.19506,1119.81537,1114.4614,1109.13303,1103.83013,1098.55259,1093.30028,1088.07309,1082.87088,1077.69355,1072.54097,1073.45319,1074.36619,1075.27997,1076.19452,1077.10985,1078.02596,1078.94285,1079.86052,1080.77897,1081.6982,1081.58368,1081.46917,1081.35468,1081.2402,1081.12572,1081.01126,1080.89682,1080.78238,1080.66796,1080.55355,1080.93456,1081.31571,1081.69699,1082.07841,1082.45996,1082.84165,1083.22347,1083.60542,1083.98751,1083.98751,1078.00328,1072.05208,1066.13374,1060.24807,1054.39489,1048.57403,1042.7853,1037.02853,1031.30353,1025.61015,1019.62172,1013.66826,1007.74955,1001.86541,996.01562,990.19999,984.41832,978.67041,972.95605,975.21107,977.47132,979.7368,982.00754,984.28354,986.56481,988.85137,991.14323,993.4404,995.7429,998.05073,1000.36391,1002.68246,1005.00637,1034.76738,1000.42776,1043.92461,1050.79254,1019.88688,1065.67304,964.94348,1041.63531,1065.67304,1080.55355,1053.08185,972.95605,1149.2328,1149.2328,1058.80512,1093.14474,1109.1699,1195.01897,1204.1762,1201.88689,1173.27054,1198.45293,1120.61644,1129.77368,1277.43407,1271.7108,1260.26426,1256.83029,1228.21394,1293.45923,1260.26426,1295.74853,1271.7108,1108.02525,1259.1196,1158.39003,1238.51582,1278.57872,1224.77997,1271.7108,1274.00011,1301.4718,1287.73596,1287.73596,1327.79885,1324.36489,1296.89319,1293.45923,1277.43407,1271.7108,1240.80513,1271.7108,1233.93721,1219.0567,1229.35859,1251.10702,1254.71311,1227.62916,1257.23921,1224.71052,1184.60635,1104.70129,1093.17642,1086.15138,1094.56798,1080.98491,1082.0317,1092.17938,1134.37755,1154.56619,1156.38448,1185.58994,1148.35078,1202.56797,1198.57667,1254.7094,1260.58476,1259.92078,1296.27835,1359.50076,1279.95345,1253.73723,1320.28831,1331.83216,1408.90847,1421.97675,1401.51574,1359.21033,1376.9702,1355.91715,1438.99293,1422.55842,1489.83721,1531.95784,1413.88612,1472.03256,1522.79712,1532.60847,1607.56975,1625.99316,1660.17144,1692.17394,1717.01373,1839.11703,1903.43596,1957.3376,1928.36949,1980.75411,2026.19673,2105.51107,2207.56993,2318.22566,2355.47153,2444.5574,2590.6766,2632.46438,2702.36638,2744.9468,2900.92244,3069.25939,3249.48861,3449.51113,3650.26707,3701.65066,3924.55047,4186.43503,4346.27623,4522.77079,4749.57019,5038.63759,5377.28783,5752.67574,6073.00391,6395.0194,6574.83923,6136.06927,6677.18503,7095.28362,7572.18469,8014.22266,8456.17637,8925.6059,9415.50958,9921.18936,10445.06341,10661.3875,10921.7508,11188.12739,11460.59842,11739.24283,12024.13707,12315.35498,12612.96752,12917.04263,13227.64497,13544.83576,13868.67255,14199.20902,14536.49477,14880.57516,15231.49105,15589.27862,15953.96923,16325.58915,16704.15945,17089.69576,17482.20815,17881.70095,18288.17257,18701.6154,19122.01564,19549.35319,19983.6015,20424.72754,20872.69161,21327.44736,21788.94165,22257.11452,22731.89918,23213.22193,23701.00222,24195.15259,24695.57874,25202.17954,25714.84709,26233.46681,26757.91749,27288.07141,27823.79446,28364.94626,28911.3803,29462.94413,30019.47952,30580.82262,31146.80422,31717.24992,32291.98037,32870.81155,33453.55493,34040.01782,34630.0036,35223.312,35819.73938,36419.07906,37021.12157,37625.65496,38232.46517,38841.33624,39452.05071,40064.3899,40678.13421,41293.06345,41908.95717,42525.59492,43142.75662,43760.22281
jpn,Japan,1507.50956,1507.50956,1507.50956,1507.50956,1507.50956,1507.50956,1507.50956,1507.50956,1507.50956,1507.50956,1507.50956,1507.50956,1507.50956,1507.50956,1507.50956,1507.50956,1507.50956,1507.50956,1507.50956,1507.50956,1507.50956,1512.53357,1517.57433,1522.63189,1527.7063,1532.79762,1537.90591,1543.03123,1548.17362,1553.33316,1558.50988,1563.70386,1568.91515,1574.14381,1579.3899,1584.65346,1589.93457,1595.23328,1600.54965,1605.88373,1611.23559,1616.60529,1621.99288,1627.39843,1632.822,1638.26363,1643.72341,1643.72341,1643.72341,1643.72341,1643.72341,1651.59619,1659.50668,1667.45505,1675.4415,1683.4662,1691.52933,1699.63109,1707.77164,1715.95119,1724.16991,1732.428,1740.72564,1749.06303,1757.44034,1765.85779,1774.31554,1782.81381,1791.35278,1799.93265,1808.55361,1816.231,1823.94098,1831.68369,1839.45927,1851.7365,1864.09567,1876.53733,1889.06203,1901.67032,1914.36277,1927.13993,1940.00237,1952.95066,1965.98537,1979.10708,2097.00646,2115.32093,1973.38381,2008.86809,2122.18885,2003.14482,2108.453,2097.00646,2307.62283,2314.49076,2179.42156,2180.56622,2556.01279,2409.49705,2430.10083,2474.74234,2304.18887,2522.81782,2494.20146,2416.36498,2665.89959,2699.09456,2697.94991,2670.47821,2652.16374,2747.17004,2770.06312,2782.65432,2699.09456,2875.37131,3238.22668,3366.42795,3403.05688,3684.64181,3404.20154,3713.25817,3713.25817,3713.25817,3795.67327,3907.84938,3844.8934,3831.15755,4068.10096,4195.15758,3816.27704,3801.39654,4039.48461,4334.80539,4299.32111,4378.30225,4562.59157,4664.46579,4872.79285,5498.91869,5588.20172,5705.23972,5649.47345,5518.27814,5504.90807,2420.11984,2596.31675,2768.96397,3099.00816,3271.35671,3492.63111,3844.9605,4226.84576,4468.21387,4653.24185,4973.56392,5285.1121,5622.6799,5896.54787,6369.73334,7136.68604,7912.62702,8523.00103,9151.33297,10088.09394,10545.23077,11533.5451,12665.59231,14073.36995,15594.30003,17020.08299,17557.924,18741.43143,19934.52253,19401.09711,19723.09327,20255.35515,20908.06599,21780.26436,22749.19179,23171.58126,23846.76823,24406.82736,24966.58563,25827.72254,26897.96355,27568.60442,28643.69443,30358.74294,31698.80047,33121.03393,34116.3668,34267.09459,34026.55769,34265.3029,35060.71322,36045.04677,36288.26618,35709.51087,35500.03919,36389.87865,36414.10839,36320.06234,36770.64567,37531.95969,38172.6767,38646.88569,39151.97757,38627.9817,36407.99652,37863.21828,37942.44774,38525.54222,39354.75484,39523.73673,40183.17649,40506.79686,41219.15417,41537.02329,41428.12533,39827.04856,41034.65678,41610.71047,42618.11043,43183.88885,43834.44286,44413.375,44993.02507,45697.46823,46468.76653,46465.15784,47083.60906,47701.0633,48317.31275,48932.15245,49545.38053,50156.79842,50766.21106,51373.42713,51978.2592,52580.52397,53180.04236,53776.63973,54370.146,54960.39576,55547.22844,56130.48837,56710.0249,57285.69249,57857.35076,58424.86457,58988.10406,59546.94468,60101.26726,60650.95798,61195.90839,61736.01543,62271.18139,62801.3139,63326.32592,63846.13568,64360.66663,64869.84741,65373.61178,65871.89854,66364.65149,66851.81931,67333.35553,67809.21837,68279.37072,68743.78,69202.41808,69655.26114,70102.28962,70543.48805,70978.84499,71408.35288,71832.00794,72249.81004,72661.76261,73067.8725,73468.14984,73862.60798,74251.26332,74634.13519,75011.24578,75382.61996,75748.28522,76108.27152,76462.61118,76811.33878,77154.49103,77492.10668,77824.22641,78150.89269,78472.14976,78788.04341,79098.62098,79403.93124,79704.02425,79998.95132
kor,South Korea,934.03781,934.03781,934.03781,934.03781,934.03781,934.03781,934.03781,934.03781,934.03781,934.03781,934.03781,934.03781,934.03781,934.03781,934.03781,934.03781,934.03781,934.03781,934.03781,934.03781,934.03781,934.12917,934.22053,934.3119,934.40328,934.49467,934.58607,934.67747,934.76889,934.86031,934.95175,935.04319,935.13464,935.2261,935.31757,935.40905,935.50053,935.59203,935.68354,935.77505,935.86657,935.95811,936.04965,936.1412,936.23275,936.32432,936.4159,936.50748,936.59908,936.69068,936.7823,936.87392,936.96555,937.05719,937.14884,937.24049,937.33216,937.42383,937.51552,937.60721,937.69891,937.79063,937.88235,937.97407,938.06581,938.15756,938.24932,938.34108,938.43285,938.52464,938.61643,945.53278,952.50009,959.51874,966.58911,973.71158,980.88653,988.11436,995.39544,1002.73017,1010.11895,1017.56218,1025.06025,1032.61358,1040.22256,1047.8876,1055.60914,1063.38756,1071.22331,1079.11679,1087.06844,1095.07868,1103.14795,1111.27667,1119.46529,1127.71426,1136.024,1144.39498,1152.82764,1161.32244,1169.87983,1178.50029,1187.18426,1195.93222,1204.74464,1213.622,1222.56477,1231.57344,1240.64848,1249.7904,1258.99969,1268.27683,1247.67306,1340.39005,1435.39635,1443.40892,1505.22025,1563.59761,1633.42152,1560.16365,1635.71083,1687.22026,1708.96869,1723.8492,1627.69825,1682.64165,1751.3209,1845.18254,1708.96869,1712.40266,1873.7989,1855.48443,1855.48443,1894.40267,1915.00645,2014.59136,1937.89953,2296.17629,2214.90584,1844.03789,2260.69201,2411.0187,1882.90158,1928.04472,1572.7444,1282.91887,1046.50243,1070.15356,1254.77526,1357.10001,1138.73399,1130.38697,1183.62079,1501.28364,1555.56641,1610.37302,1592.85863,1682.89636,1729.18043,1753.82054,1735.40908,1784.79673,1788.40718,1887.49009,1997.73799,2067.61488,2248.61901,2360.73282,2579.1412,2876.69461,3066.84523,3310.42341,3468.3244,3897.51577,4178.18132,4414.84344,4900.33036,5401.93628,5881.6572,6277.25627,6061.19694,6376.57583,6777.27805,7542.76218,8205.86771,8730.30607,9588.05754,10658.75025,11778.71393,12445.22382,13494.1368,14710.3922,15384.69603,16199.28892,17443.17207,18846.44587,20048.12398,20996.72696,19693.14113,21718.12308,23410.9793,24278.49957,25925.67083,26532.88062,27733.27311,28802.15313,30106.10041,31639.1455,32302.91929,32357.28007,34358.29304,35351.73284,36011.25459,36982.17238,37927.51788,38787.87685,39772.75718,40914.31365,41921.72479,42713.59037,42352.14274,44232.20573,45473.0242,46054.27643,47178.54756,48328.18467,49445.49246,50619.90639,51919.90338,53316.06948,53263.31265,53855.7258,54444.97382,55030.89456,55613.33068,56192.12984,56767.14469,57338.23303,57905.25782,58468.08727,59026.59489,59580.65947,60130.16516,60675.00145,61215.0632,61750.2506,62280.46917,62805.62975,63325.64843,63840.44655,64349.95062,64854.09229,65352.80825,65846.0402,66333.73477,66815.84339,67292.32229,67763.13233,68228.23894,68687.61203,69141.22588,69589.05901,70031.0941,70467.31789,70897.72104,71322.298,71741.04697,72153.96968,72561.07136,72962.36057,73357.84909,73747.55184,74131.4867,74509.67443,74882.13854,75248.9052,75610.00307,75965.46324,76315.31909,76659.60618,76998.36215,77331.62661,77659.44101,77981.84858,78298.8942,78610.62428,78917.08672,79218.33076,79514.40693,79805.36691,80091.2635,80372.15048,80648.08257,80919.11532,81185.30505,81446.70878,81703.38413,81955.38927,82202.78284,82445.62391,82683.97189
mex,Mexico,1493.77371,1485.76113,1458.28943,1446.84289,1419.37119,1399.91206,1375.87433,1341.5347,1308.33973,1271.7108,1228.21394,1195.01897,1190.23735,1185.47486,1180.73142,1176.00697,1171.30142,1166.6147,1161.94674,1157.29745,1152.66676,1154.42079,1156.1775,1157.93687,1159.69893,1161.46366,1163.23108,1165.00119,1166.77399,1168.54949,1170.3277,1172.10861,1173.89223,1175.67856,1177.46761,1179.25938,1181.05388,1182.85111,1184.65108,1186.45378,1188.25923,1190.06743,1191.87837,1193.69208,1195.50854,1197.32776,1199.14976,1200.97453,1202.80207,1204.6324,1206.46551,1190.30104,1174.35314,1158.61892,1143.09551,1127.78008,1112.66985,1097.76208,1083.05404,1068.54306,1054.2265,1067.72924,1081.40492,1095.25576,1109.28401,1123.49193,1137.88183,1152.45604,1167.21692,1182.16685,1197.30828,1221.79038,1246.77309,1272.26664,1298.28147,1324.82824,1351.91783,1379.56134,1407.77009,1436.55564,1465.92979,1495.90457,1526.49227,1557.7054,1589.55678,1622.05944,1655.2267,1689.07215,1723.60966,1758.85339,1794.81776,1836.13876,1878.41107,1921.65659,1965.89773,2011.1574,2043.20772,2149.66055,2242.37754,2100.44042,2085.55992,2240.08824,2055.79891,2264.12597,2280.15113,2491.91215,2438.11341,2554.86814,2521.67316,2568.60399,2564.02537,2461.00649,2439.25806,2293.88698,2297.32094,2264.12597,2438.11341,2541.13229,2641.86185,2746.02538,2921.15747,2909.71093,2932.60401,2985.25811,2887.9625,3021.88704,3154.66693,2964.65433,2936.03798,2774.64174,2556.01279,2596.07568,2163.3964,2370.57881,2490.7675,2631.55996,2797.53482,2841.03168,2837.59772,2941.76125,2930.31471,3152.79658,3263.15393,3314.12217,3514.46124,3548.44048,3706.07812,3753.29242,3827.35083,3956.50811,4264.45457,4502.4029,4571.05972,4463.96385,4808.95029,5097.3956,5334.20058,5613.32187,5759.9642,5773.49917,6106.92413,6213.04427,6328.0553,6701.66154,7354.58375,7618.0047,7927.78258,8199.87406,8677.62322,8899.8514,9261.90829,9385.76143,9920.69486,10471.23974,10834.52232,11190.26769,11420.33431,11562.47372,12310.75222,13215.18981,14102.18458,15120.1562,14815.86008,13948.56936,14194.92771,14247.85847,13510.62829,13565.35647,13533.28829,13846.58271,14370.47902,14774.21875,15117.43336,15329.20447,15815.06088,14689.06889,15400.91733,16325.94339,17121.57786,17445.44261,18176.7444,17923.57203,17723.55259,17752.81026,18200.33365,18399.80382,19084.09927,19287.44732,19270.06888,17874.62887,18544.78597,18911.55149,19311.91337,19221.61616,19459.78735,19753.77505,19877.37101,20031.82011,20233.39007,20009.65768,18151.42731,19086.10468,19715.49149,20201.30965,20501.44341,20625.86845,20862.40782,21228.70594,21664.18072,22220.01304,22068.03661,22540.98795,23020.55901,23506.67324,23999.2472,24498.19051,25003.40591,25514.78933,26032.22988,26555.61001,27084.80553,27619.68574,28160.11358,28705.94572,29257.03276,29813.21935,30374.3444,30940.24129,31510.73803,32085.65753,32664.81782,33248.03226,33835.10986,34425.85548,35020.07016,35617.55136,36218.09326,36821.48709,37427.52139,38035.98233,38646.65403,39259.31886,39873.75778,40489.75061,41107.0764,41725.5137,42344.8409,42964.83652,43585.27955,44205.94972,44826.62781,45447.09593,46067.13783,46686.53914,47305.08768,47922.57369,48538.7901,49153.53275,49766.60065,50377.79617,50986.92527,51593.79772,52198.22722,52800.03166,53399.0332,53995.05851,54587.93884,55177.51017,55763.61333,56346.09413,56924.80339,57499.59708,58070.33636,58636.88763,59199.12262,59756.91836,60310.15726,60858.72711,61402.52107,61941.43768,62475.38083
nga,Nigeria,948.91832,948.91832,948.91832,948.91832,948.91832,948.91832,948.91832,948.91832,948.91832,948.91832,948.91832,948.91832,948.91832,948.91832,948.91832,948.91832,948.91832,948.91832,948.91832,948.91832,948.91832,948.91832,948.91832,949.08777,950.21793,952.38525,953.477,954.55143,955.60866,956.64877,957.67187,959.71223,960.69823,961.66753,962.62022,964.57713,965.49358,966.39372,968.28841,969.15295,970.00149,971.83498,972.64854,974.44072,975.21971,976.97103,977.71588,979.4268,980.13792,981.8089,982.48668,984.11817,984.76303,986.35547,987.92696,988.52163,990.05475,991.56728,993.05934,993.58747,995.04204,996.47647,997.8909,999.28543,1000.66018,1002.01527,1003.3508,1004.6669,1005.04749,1006.32804,1008.49968,1009.73914,1010.95973,1012.16155,1013.3447,1014.50931,1015.65547,1016.7833,1018.77957,1019.86816,1020.93874,1021.99143,1023.90145,1024.9158,1025.91257,1027.75845,1028.71756,1030.52034,1031.44223,1032.34709,1034.08751,1034.9558,1036.65431,1038.33065,1039.14355,1040.7787,1041.55613,1043.15055,1044.72341,1046.27484,1046.97993,1048.49157,1049.98214,1051.45177,1052.90056,1054.32865,1054.92716,1056.31683,1057.68615,1059.03523,1060.36419,1061.67314,1063.75546,1065.02217,1080.45462,1096.5603,1113.33207,1129.98248,1147.28996,1164.47221,1181.52987,1189.22092,1197.61677,1205.17982,1212.68064,1220.87973,1228.25455,1236.32335,1243.5735,1250.76304,1257.89229,1265.70698,1271.97119,1279.66201,1286.55083,1292.64523,1299.41935,1305.40445,1312.06507,1318.66818,1324.49035,1341.17137,1358.7266,1376.43337,1394.29282,1411.56239,1428.97881,1446.54318,1463.50065,1481.36008,1498.60654,1586.6057,1676.2927,1693.29059,1784.35472,1791.89396,1718.37082,1746.69327,1724.89773,1768.07009,1903.77609,1891.97239,1953.62008,2093.18311,2134.85724,2148.45531,2022.04057,1671.73862,1631.04371,1965.17144,2424.19157,2682.12449,2768.75729,2916.2833,3176.70571,3072.80985,3276.00772,3395.86535,3179.15397,3155.21274,3149.71835,2961.53208,2774.12917,2475.43885,2376.33197,2495.10815,2464.21933,2460.8409,2610.46651,2643.31515,2846.87152,2814.47723,2890.10448,2818.41166,2740.54185,2707.94373,2776.11977,2810.2215,2833.54632,2798.70967,2884.72653,2995.55473,3377.64969,3551.97661,3793.90515,3942.57038,4079.22458,4237.56232,4404.50828,4628.27276,4857.26627,4975.6382,5045.47172,5238.83267,5424.92451,5429.09962,5209.07416,5120.0056,5089.77763,5076.36829,4865.08683,4922.63245,4963.16031,4985.05561,5026.31628,5050.44904,5076.46405,5152.87962,5256.07136,5397.52809,5454.60013,5583.59271,5716.06181,5852.09234,5991.77038,6135.18313,6282.41884,6433.56676,6588.71711,6747.96097,6911.39022,7079.09748,7251.176,7427.7196,7608.82254,7794.57944,7985.08518,8180.43479,8380.72328,8586.04559,8796.49641,9012.17005,9233.1603,9459.56031,9691.46238,9928.95785,10172.13689,10421.08838,10675.89969,10936.65653,11203.44274,11476.34013,11755.42825,12040.78424,12332.48257,12630.59493,12935.18991,13246.33291,13564.08586,13888.50703,14219.65084,14557.56765,14902.30354,15253.90014,15612.39441,15977.81844,16350.19929,16729.55877,17115.9133,17509.27368,17909.64501,18317.02645,18731.41111,19152.78593,19581.13152,20016.42204,20458.62513,20907.70177,21363.60624,21826.28603,22295.68179,22771.72729,23254.34938,23743.46802,24238.99624,24740.84019,25248.89914,25763.06558,26283.22527,26809.25728,27341.03415
rus,Russia,1602.51586,1602.51586,1602.51586,1602.51586,1602.51586,1602.51586,1602.51586,1602.51586,1602.51586,1602.51586,1602.51586,1602.51586,1602.51586,1602.51586,1602.51586,1602.51586,1602.51586,1602.51586,1602.51586,1602.51586,1602.51586,1602.51586,1602.51586,1602.51586,1602.51586,1606.96194,1611.68814,1617.42748,1623.1181,1628.76024,1634.35414,1639.90003,1646.43823,1651.88571,1657.28591,1662.63905,1668.97307,1674.22973,1680.46161,1686.64126,1691.75348,1697.83249,1703.86002,1709.83635,1715.76171,1721.63636,1727.46055,1734.22892,1739.94997,1745.6213,1752.22868,1757.79839,1764.29877,1769.76787,1776.16227,1782.50262,1788.78919,1795.02224,1801.20204,1807.32884,1813.4029,1820.37808,1826.34461,1832.2592,1839.06715,1845.81803,1851.57269,1858.21304,1864.79714,1871.32527,1877.7977,1884.2147,1890.57655,1896.88352,1904.05306,1910.24835,1917.30127,1923.38597,1930.32342,1937.20219,1944.02258,1950.78488,1957.48937,1964.13633,1970.72606,1978.14629,1896.13914,2210.69482,2120.53103,1965.99643,1952.25046,1783.41385,1946.67844,2199.92865,2493.97659,2301.34504,2528.03327,2478.52464,2536.84056,2684.14363,2619.27071,2677.42409,2900.51638,2693.39332,2969.55308,2621.30939,2497.63325,2393.78354,2606.15374,2698.29943,2871.39308,2645.24519,2849.33895,2985.26911,2842.90522,2917.15065,2586.52887,2264.30887,1382.01939,1187.91716,1189.95995,1087.60199,1260.70642,1450.19057,1835.15415,2291.02121,2568.31986,2672.55233,2806.56848,2835.51815,2959.66775,2964.73853,2898.0529,2985.47129,3235.57597,3672.11973,3892.72444,4184.13057,4141.33225,4276.17126,4066.92822,3984.25364,3902.54905,3823.34513,3744.38131,3667.95511,3592.55884,3984.22212,4492.41285,4896.90563,5292.96909,5215.76637,5447.26048,5575.95177,5736.02068,6104.2765,6555.36253,6557.20713,6908.94219,6693.97063,7179.3924,7635.01485,8145.59709,8426.59997,8939.70009,9412.11194,10070.7947,10706.12735,11378.63622,11682.37347,12674.29064,13211.07674,13594.14572,14664.86342,15188.41156,15794.17218,16262.97183,16742.60944,17041.62566,17200.16375,17796.00372,18006.7385,18105.72641,18442.8415,18493.55703,18750.12174,19195.11336,19164.07962,19468.68409,19657.71239,19210.04895,18412.6483,15903.10459,14686.40563,12972.89985,12562.03021,12221.2689,12517.59631,11966.59062,12861.30881,14297.71266,15176.93283,16045.25473,17372.17654,18768.24669,20107.30638,21880.11605,23825.06398,25106.22663,23154.3544,24183.57634,25193.72033,26141.68842,26521.56578,26224.00791,25627.09616,25603.90925,26017.12168,26723.90117,27296.33344,26606.60898,28193.83789,27705.18454,28783.91914,28208.24076,27644.07595,27091.19443,27091.19443,27226.6504,27635.05015,27459.4793,28020.04403,28587.20274,29160.82527,29740.77425,30326.90525,30919.06685,31517.10089,32120.84253,32730.12054,33344.75744,33964.56973,34589.36812,35218.95778,35853.13861,36491.70549,37134.44856,37781.15354,38431.602,39085.57169,39742.83685,40403.16855,41066.335,41732.10189,42400.23277,43070.48933,43742.63179,44416.41922,45091.60991,45767.96169,46445.23229,47123.17966,47801.56233,48480.1397,49158.67242,49836.92264,50514.65439,51191.63381,51867.6295,52542.41277,53215.75792,53887.4425,54557.24758,55224.95797,55890.36242,56553.25392,57213.42979,57870.69196,58524.84711,59175.70683,59823.08778,60466.81183,61106.70616,61742.60341,62374.34174,63001.76495,63624.72253,64243.06971,64856.66754,65465.38292,66069.08858,66667.66317,67260.99119,67848.96302,68431.47492,69008.42894,69579.73294,70145.30055,70705.05105,71258.90938,71806.80604
swe,Sweden,1563.59761,1548.71711,1621.97498,1605.94982,1501.78629,1596.79258,1615.10705,1547.57245,1465.15735,1397.62276,1510.94352,1621.97498,1520.10075,1547.57245,1560.16365,1615.10705,1646.01271,1597.93724,1610.52843,1596.79258,1619.68567,1667.76114,1676.91838,1658.60391,1702.10077,1747.88694,1753.61021,1668.9058,1700.95611,1723.8492,1680.35234,1713.54731,1667.76114,1720.41524,1742.16367,1736.4404,1791.38379,1778.7926,1750.17625,1769.63537,1794.81776,1773.06933,1689.50957,1726.13851,1800.54103,1842.89323,1778.7926,1824.57877,1845.18254,1913.86179,1963.08192,1925.30833,1882.95613,1908.13852,1928.7423,2046.64168,2027.18256,2082.12596,2107.30835,2181.71087,2221.77377,2134.78005,2069.53476,2158.81779,2196.59138,2235.50962,2198.88068,2230.931,2030.61652,2177.13225,2454.13857,2539.98763,2585.7738,2614.39015,2712.83041,2616.67946,2782.65432,2720.84299,2622.40273,2765.4845,2700.23922,2797.53482,2694.51595,2897.11974,2835.30841,2886.81785,2915.4342,2828.44048,2874.22665,2917.72351,2982.9688,3145.50969,3105.4468,3179.84932,3194.72982,3350.40279,3437.39651,3572.4657,3694.9437,3786.51604,3800.25189,3898.69214,3848.32736,4050.93115,4119.6104,4060.08839,4384.02552,4675.91233,4531.68591,4555.72365,4639.2834,4754.89347,4935.74883,5243.66081,5354.69226,5541.2709,5848.03822,5493.19542,5075.39664,5154.37778,5480.60423,5200.16395,5572.17656,5749.59796,6141.06969,6281.86215,6588.62947,6801.53515,6997.27102,7412.78048,7732.139,7534.11383,7239.9377,7358.98174,7835.15788,8195.72394,8465.86233,8675.33405,8942.03847,9580.75551,8858.47872,8594.46409,8644.04863,8894.84308,9129.45693,9370.75992,10280.09786,11086.02824,11211.09801,11555.15484,12252.56027,12608.81154,12691.02583,12969.25852,13471.72711,13769.34258,14173.22261,14633.50627,14681.07623,15139.77512,15803.64056,16613.97845,17217.36908,18025.79564,19112.38769,19648.18314,19858.50006,20409.83158,20964.67266,21898.14406,23059.6823,23131.70595,23578.23768,24451.24393,25156.50156,25705.48106,25885.60561,25380.25854,25740.07408,26657.55343,27048.33591,27730.39869,28071.46904,28619.42554,29802.42226,30417.99983,31178.3354,32085.44025,32703.26092,33317.26294,33392.37205,32828.90653,32302.49265,31496.27364,32550.70498,33695.66929,34214.07616,35258.2403,36788.94422,38381.90941,40162.80939,40662.26374,41471.42986,42305.19957,43991.41043,45101.81508,46951.37727,48223.0255,47638.65513,45177.19917,47448.65773,48596.43531,47954.47527,48114.63596,48905.75798,50563.74939,50966.31081,51575.43344,51973.89361,52471.57568,50963.18359,53771.98133,54829.60289,54463.97269,54101.45767,54844.97366,55601.61079,56542.25821,57619.9765,58863.42723,57751.77706,58315.81914,58875.5737,59430.91808,59981.73492,60527.91224,61069.34337,61605.92704,62137.56727,62664.17343,63185.66015,63701.94731,64212.95999,64718.6284,65218.88785,65713.67864,66202.94605,66686.64017,67164.7159,67637.13283,68103.85513,68564.85148,69020.09493,69469.56285,69913.23678,70351.10233,70783.14908,71209.37046,71629.76362,72044.32933,72453.07186,72855.99885,73253.12122,73644.45301,74030.01129,74409.81604,74783.89002,75152.25867,75514.94998,75871.99437,76223.42461,76569.27565,76909.58458,77244.39047,77573.73428,77897.65875,78216.20831,78529.42896,78837.36821,79140.07494,79437.59932,79729.99273,80017.30767,80299.59766,80576.91718,80849.32155,81116.86689,81379.61003,81637.60844,81890.92015,82139.60368,82383.71799,82623.32239,82858.47653,83089.24026,83315.67367,83537.83694,83755.79036,83969.59426,84179.30895,84384.99467
usa,USA,2913.14489,2966.94364,3016.16377,2964.65433,2962.36502,3025.321,3080.2644,3111.17007,2891.39646,3035.62289,3119.18265,3183.28328,3127.19523,3162.67951,3222.20152,3209.61033,3080.2644,3076.83044,3084.84302,3080.2644,3060.80528,3107.7361,3194.72982,3159.24554,3246.23926,3317.20782,3340.1009,3353.83675,3353.83675,3242.8053,3478.60406,3692.65439,3826.57893,3960.50347,3771.63553,3914.7173,3971.95001,3847.18271,3811.69843,3997.1324,3799.10723,3723.56005,3689.22043,3747.59779,3952.49089,4013.15756,4036.05065,4142.50349,4250.10098,4139.06952,4157.38399,4324.5035,4545.42176,4855.62304,4869.35889,4762.90605,4862.49097,4757.18278,4781.22052,4909.42179,5038.76771,4935.74883,5090.27715,5418.7929,5596.2143,5307.76144,5265.40924,5439.39667,5512.65454,5658.02562,5497.77404,5630.55392,5714.11368,5857.19545,5683.20802,5843.4596,5780.50362,5836.59167,5951.05709,6542.84331,7160.95656,7230.78047,7506.64213,7507.78678,7466.57923,7353.25847,7408.20187,7574.17672,7379.58551,7676.05095,7629.12013,7796.23964,8383.44723,7822.56668,7451.69873,8195.72394,7882.0887,8477.30887,8501.34661,9110.30264,9200.73032,10038.61718,9940.17692,10234.35304,9917.28384,10440.3908,11423.64874,11390.45377,10274.41594,11215.32168,11031.03235,11144.35312,11420.21478,11570.16447,10411.77444,10489.61093,11700.65505,11182.12671,11985.67394,11961.6362,11621.67391,11074.52921,11457.98836,12672.46645,12736.56709,12762.89413,13332.93192,13200.15203,13107.43504,13683.19609,12242.07648,11367.56068,9593.3467,9212.17686,9920.7178,11081.39714,12096.7054,12928.86899,12048.62992,12786.93187,13741.57346,15490.906,16971.46878,18291.55294,19344.87805,18724.67126,16818.35801,16216.01705,16669.84689,16038.90107,17192.14534,18175.66785,18519.47626,19029.78746,18553.01284,19493.21056,19505.76887,19501.25785,18975.09672,19993.09464,20146.64519,20265.30652,21137.71665,21712.05328,22623.39513,23748.00499,24985.96411,25325.57883,26251.05308,26779.54333,26488.86737,27005.20947,28122.18805,29410.15538,28996.00262,28623.18588,29834.08864,30869.81432,32248.34039,32934.38724,32518.52079,32975.256,32028.94793,33111.75184,35171.30904,36241.15742,37119.23824,38032.63189,39229.07944,40225.5491,40477.74907,39865.16493,40667.59234,41201.57065,42301.50515,42887.30398,43952.42832,45319.87031,46756.98517,48384.68523,49756.43543,49693.67987,50031.45931,50943.8684,52365.94884,53638.94409,54551.26691,55064.30158,54555.53231,52643.08692,53574.75191,54018.84706,54851.52934,55626.43976,56613.64208,57853.7246,58481.00788,59540.37752,60984.75397,62205.35326,60241.87596,63635.82381,64629.55968,65947.68339,67345.15232,68197.64818,69160.98012,70369.53743,71732.55943,73316.75468,73279.13766,73673.00977,74061.09135,74443.40154,74819.96232,75190.79836,75555.93696,75915.40787,76269.24322,76617.47738,76960.14688,77297.29026,77628.94801,77955.16243,78275.97752,78591.43893,78901.59379,79206.49068,79506.1795,79800.71135,80090.13852,80374.51434,80653.89309,80928.32998,81197.881,81462.60288,81722.55302,81977.7894,82228.37053,82474.35533,82715.80317,82952.77368,83185.3268,83413.52267,83637.42156,83857.08387,84072.57002,84283.94046,84491.25558,84694.57569,84893.96096,85089.4714,85281.16682,85469.10677,85653.35054,85833.95712,86010.98513,86184.49286,86354.53819,86521.17858,86684.47106,86844.47218,87001.23804,87154.82421,87305.28574,87452.67716,87597.05243,87738.46497,87876.9676,88012.61256,88145.4515,88275.53545,88402.91483,88527.63942,88649.75839,88769.32027,88886.37293,89000.96363,89113.13895,89222.94483,89330.42657
zaf,South Africa,1750.17625,1730.67993,1711.40079,1692.33642,1673.48441,1585.34604,1585.34604,1719.27058,1505.22025,1470.88062,1625.40894,1290.02526,1306.05042,1646.01271,1665.47184,1385.03156,1443.40892,1499.49698,1591.06931,1375.87433,1359.84917,1605.94982,1498.35233,1510.78785,1523.32658,1535.96938,1548.71711,1555.93291,1563.18234,1570.46554,1494.81318,1422.80515,1413.67122,1404.59592,1395.57888,1386.61973,1377.7181,1368.87361,1360.0859,1351.3546,1342.67936,1311.0337,1280.13389,1249.96237,1203.02922,1157.8583,1114.38345,1072.54097,1111.19412,1151.24028,1192.72966,1412.50326,1481.18251,1591.06931,1547.57245,1660.89322,1336.95609,1584.20139,1385.03156,1430.81773,1481.18251,1394.18879,1026.7548,1098.86802,1532.69195,1127.48437,1173.27054,1388.46552,1403.34603,1386.17621,1472.02528,1476.60389,2177.13225,1876.08821,1787.94983,1992.84293,2227.49704,2100.44042,2048.93099,2272.13855,2625.83669,2481.61027,2349.97504,1806.2643,1636.85548,1382.74225,1633.42152,1862.35235,2101.58508,2079.83665,2094.71715,2181.71087,2129.05678,2109.59766,2048.93099,2359.13227,2464.44045,2306.47818,2767.77381,2430.10083,1710.11335,1840.60392,2196.59138,2942.9059,2942.9059,3142.07573,3391.61034,3327.50971,2613.2455,2736.86815,2100.44042,2103.14674,2105.85655,2108.56984,2111.28663,2114.00693,2116.73073,2119.45803,2122.18885,2155.74595,2189.83367,2224.4604,2259.63467,2295.36512,2331.66057,2485.04423,2550.28952,2599.50965,2797.53482,2731.14488,2577.76122,2435.8241,2343.10711,2596.07568,2877.66061,3187.8619,3488.90595,3718.98144,3569.03174,3745.30848,3913.57265,4037.20819,4100.69406,4132.18191,4212.8929,4257.93665,4341.02511,4318.25385,4578.33111,4565.84877,4854.67817,4984.58792,5060.81658,5188.92771,5391.52926,5556.80017,5753.27086,5860.88053,5877.33786,6023.89178,6127.95237,6250.4761,6471.47733,6794.79478,7123.70004,7388.15814,7549.82514,7897.24633,8063.42092,8325.96147,8581.56111,8790.10162,8761.85937,8954.36549,9282.31853,9255.84207,9283.617,9088.90531,9178.10533,9343.24436,9748.41376,10034.86968,9767.12157,9369.61989,9628.45125,9311.61251,9151.24107,9185.3149,9412.73611,9472.11218,9267.82993,9049.26152,8766.41044,8794.27507,9003.50946,9217.42165,9549.53033,9737.99627,9730.04721,9912.12007,10283.58734,10518.74296,10854.8315,11114.17657,11551.55638,12083.41566,12672.04389,13246.62036,13540.11993,13192.10323,13443.24156,13695.07625,13838.08423,13990.22867,13966.13462,13860.28136,13817.42936,13923.40098,13967.9239,13824.03571,12841.61834,13311.9257,13452.61607,13416.93264,13331.48797,13290.49514,13270.83069,13332.55478,13468.355,13687.11888,13535.58338,13859.55607,14190.2627,14527.7548,14872.07967,15223.28017,15581.39453,15946.45615,16318.4934,16697.52945,17083.58209,17476.66353,17876.78027,18283.9329,18698.11598,19119.3179,19547.52073,19982.70009,20424.82508,20873.85816,21329.75506,21792.46472,22261.92921,22738.08374,23220.85655,23710.16898,24205.9354,24708.06328,25216.45318,25730.99884,26251.5872,26778.09851,27310.40642,27848.37809,28391.87428,28940.74959,29494.85248,30054.02559,30618.10578,31186.92446,31760.3077,32338.07654,32920.04714,33506.03112,34095.83574,34689.26423,35286.11602,35886.18706,36489.27009,37095.15496,37703.62891,38314.47691,38927.48192,39542.42528,40159.08696,40777.24591,41396.68036,42017.16815,42638.48705,43260.41503,43882.73062,44505.21318,45127.64319,45749.80256,46371.47491,46992.44584,47612.5032,48231.43735,48849.04139,49465.11143,50079.44682
che,Switzerland,2174.84295,2185.61045,2196.43127,2207.30565,2218.23388,2229.21621,2240.25291,2251.34426,2262.49051,2273.69196,2284.94886,2296.26149,2307.63013,2319.05505,2330.53654,2342.07488,2353.67034,2365.32321,2377.03377,2388.8023,2400.62911,2412.51447,2424.45867,2436.462,2448.52477,2460.64725,2472.82975,2485.07257,2497.376,2509.74035,2522.16591,2534.65299,2547.20189,2559.81292,2572.48638,2585.2226,2598.02186,2610.8845,2623.81082,2636.80113,2649.85576,2662.97502,2676.15924,2689.40873,2702.72381,2716.10482,2729.55208,2743.06591,2756.64665,2770.29463,2784.01018,2797.53482,2799.82413,2723.1323,2591.49707,2716.26438,2768.91847,3189.00655,3276.00027,3312.6292,3358.41537,3374.44053,3231.35876,3295.45939,3214.18894,3195.87448,3222.20152,3143.22039,3494.62922,3480.89337,3381.30845,3507.22041,3594.21413,3801.39654,3803.68585,4119.6104,4409.20791,4155.09468,3990.26448,4016.59153,4428.66703,4513.37144,4577.47207,4800.67964,5199.0193,5463.43441,5765.62312,5920.15143,5859.48476,5880.08853,6076.96905,5651.1577,6032.32754,6112.45333,6109.01937,6446.69236,6830.15151,7144.93141,7357.83708,7253.67355,7568.45345,7324.64211,7573.03207,7408.20187,7875.22077,8224.3403,8681.05732,8544.84347,8594.0636,8994.69256,9212.17686,9207.59824,9514.36556,9354.11398,8693.64851,8537.97555,9247.66114,8975.23344,8145.35916,7722.98177,8429.2334,6866.78044,8220.90634,8779.49758,9381.58568,9597.92532,9908.1266,10599.49773,11056.21475,11354.96949,11411.05754,11509.4978,11162.66759,11456.84371,11443.10786,10850.17699,10647.5732,11491.18334,10998.98204,11258.81854,11219.90029,10632.77801,10161.35097,10127.15349,10499.2034,10519.41849,13032.9029,13322.18073,13631.02306,13436.80835,14280.59621,14900.01289,15154.55809,15810.79457,16794.56181,17965.71513,18827.00974,19242.14996,19196.00883,20403.8986,21689.23836,23076.00998,23833.42619,24796.42513,25944.41432,26862.60044,27564.03242,28390.49263,29395.73897,30851.33166,32709.06312,34177.77217,35437.7867,36539.63481,36732.75982,34683.75841,34841.88681,35988.33999,36809.17962,37875.94621,39567.08133,40256.60788,39980.422,40403.37107,41494.29599,43183.08352,44534.98084,45485.42313,46834.76642,48606.31952,50241.42181,49651.63038,49547.40349,49472.4893,50118.58871,50416.316,50812.71312,52193.06064,53942.80646,54890.40057,57038.80308,57833.58372,57610.71064,57379.83907,58715.81587,60111.5935,62292.36328,64258.72134,65281.82866,63023.95574,64391.96168,64834.5533,64906.25812,65314.10352,66038.2368,66364.55142,67001.7385,67284.03435,68700.71633,68991.38203,67022.25876,70097.36875,71314.25999,71223.59113,71641.29238,72096.74309,72848.12366,73481.89304,74528.34515,75856.47573,75196.7509,75559.789,75917.17579,76268.94401,76615.12861,76955.76667,77290.89724,77620.56127,77944.80151,78263.66239,78577.18993,78885.43161,79188.43635,79486.25431,79778.9369,80066.53663,80349.10705,80626.70263,80899.37875,81167.19153,81430.19785,81688.45519,81942.0216,82190.95565,82435.31633,82675.16299,82910.55529,83141.55315,83368.21667,83590.60609,83808.78174,84022.80397,84232.73314,84438.62954,84640.55337,84838.56467,85032.72333,85223.08901,85409.7211,85592.67874,85772.02072,85947.80552,86120.09122,86288.93552,86454.39567,86616.5285,86775.39036,86931.03711,87083.52412,87232.90621,87379.23768,87522.57228,87662.96316,87800.46294,87935.1236,88066.99655,88196.13259,88322.58187,88446.39396,88567.61777,88686.30157,88802.49301,88916.23907,89027.58612,89136.57983,89243.26525,89347.68678,89449.88815,89549.91245,89647.8021,89743.5989
